num_container;tipo;teu;qtd_processos;bls;suppliers;etd_embarque;eta_chegada;lead_time_medio;frete_total_cont;valor_pi_total;frete_por_teu;pct_frete_pi
OOCU8078673;40';2,0;5;GOC23031-11 | GOC24012-1 | GOC24024-2 | GOC24032-1 | GOC24033-1;Dongguan Alljoyful | ISMILE | Lanrun;;2024-01-07;;38935,53;252932,6;19467,765;0,1539363846336929
APHU6229731;40';2,0;5;IMFOR00080/25 | WMFIM250967 | WMFIM250989;Parisun | YNS;;2025-10-09;;33878,94;411395,6;16939,47;0,08235124537063596
SUDU5855124;40';2,0;5;GOC24028-3 | GOC24069-1 | GOC24070-5 | GOC24074-2 | IMP-SEA80218/24;Everich | Lanrun | Parisun | YNS;2024-01-11;2024-11-12;199,5;33763,58;417125,98000000004;16881,79;0,08094336392089507
CSNU4668136;20';1,0;4;GOC24015-1 | GOC24021-1 | GOC24054-1 | GOC24057-1;BH Unit | Newcom | Parisun;2024-05-07;2024-12-07;112,33333333333333;33271,62;258701,19999999998;33271,62;0,1286102267790022
TRHU1527021;40';2,0;5;02/10250 | CAI25002116 | CMI25000557 | WMFIM251065;Dacen | Dongguan Soonleader | Everich | YNS;2025-03-09;2025-04-09;31,0;32201,870000000003;286201,97000000003;16100,935000000001;0,11251449457178789
SUDU7829332;20';1,0;5;CMI25000572 | CMI25000587 | IAFOR00084/25 | WMFIM251106;Everich | Wenzhou Yuanfei | YNS | Yiwu Honglu;2025-05-10;2025-12-10;184,0;32056,32;347712,98;32056,32;0,09219189919225909
HLXU9897858;20';1,0;4;02/9596 | CAI25002028 | CMI25000517 | WMFIM250929;Dacen | Everich | ISMILE | YNS;2025-02-07;2025-10-06;60,0;30976,06;220967,0;30976,06;0,14018409988821862
SUDU6647119;20';1,0;4;GOC24047-1 | GOC24050-1 | GOC24050-2 | GOC24062-1;AT Express | Max Home | Parisun;2024-08-09;;;28700,0;103908,6;28700,0;0,2762042795302795
MSCU4374754;40';2,0;4;IMFOR00076/25;AT Express;;;;24300,0;69847,28;12150,0;0,34790187964370267
CSNU2556017;40';2,0;5;GOC24018-1 | GOC24040-3 | GOC24044-3 | GOC24050-3 | GOC24052-1;AT Express | Everich | Lanrun | YNS;;;;24162,0;293288,1;12081,0;0,08238315840294919
MSCU1971823;40';2,0;5;CMI25000527 | IMFOR00066/25 | WMFIM250924;AT Express | Everich | YNS;;2025-04-08;;21848,29;292588,82;10924,145;0,0746723336865708
FFAU4860684;40';2,0;5;CMI25000549 | CMI25000553 | IMFOR00090/25 | WMFIM251001;Lanrun | Newcom | YNS;2025-06-08;2025-10-09;-13,0;21430,940000000002;357846,0;10715,470000000001;0,05988872308199617
MSCU1538552;40';2,0;5;GOC24106 | IMFOR00361/24 | IMP-SEA80245/24;AT Express | Everich | Heyin;2025-06-01;2025-11-02;-29,333333333333332;18971,0;294093,9;9485,5;0,06450660826355119
OOCU3871230;40';2,0;4;CMI24000428 | IAFOR00368/24 | IMP-SEA80244/24;AT Express | Lanrun | Shenzhen Zhenxin;;;;18959,59;181358,0;9479,795;0,10454234166675856
TEMU8973915;20';1,0;5;CMI25000528 | CMI25000531 | CMI25000532 | CMI25000542 | IMP 02/9671;Everich | ITINK Co | Lanrun;2025-03-07;2025-05-08;21,0;18468,17;245634,95;18468,17;0,07518543269188688
CSNU9153566;40';2,0;4;CMI25000528 | IMFOR00066/25 | WMFIM250943;AT Express | Everich | Newcom;2025-05-07;2025-05-08;1,0;17515,66;164301,32;8757,83;0,10660693413783894
HMUU2622631;20';1,0;5;GOC24050-6 | GOC24051-2 | GOC24070-2 | GOC24070-3 | GOC24080-1;AT Express | Everich | Lanrun | YNS;2024-03-10;;;17041,0;211196,6;17041,0;0,08068785198246563
SUDU3678638;20';1,0;5;GOC24002-2 | GOC24030-2 | GOC24031-1 | GOC24064-1 | GOC24075-1;Dongguan Soonleader | Parisun | Shenzhen Zhenxin | YNS;2024-09-08;;;16522,0;229278,9;16522,0;0,07206070859551403
MSKU2867825;20';1,0;5;GOC23031-2 | GOC23031-3 | GOC23031-4 | GOC23031-5;Lanrun;2023-12-02;2024-07-01;-329,0;15500,0;459993,78;15500,0;0,033696107803892476
TRHU6279418;40';2,0;5;CMI25000448 | CMI25000450 | CMI25000452 | IMFOR00362/24 | IMFOR00366/24;Everich | Lanrun | Newcom | Parisun;;;;15263,5;172351,6;7631,75;0,08856024545173935
CMAU4514944;20';1,0;5;IMP-SEA80243/24 | WMFIMP-24/0605;AT Express | Everich;2024-10-12;2025-12-01;354,2;15016,13332469686;93740,08;15016,13332469686;0,16018903893293948
TCNU1054447;20';1,0;2;CMI25000489 | IMFOR00057/25;Lanrun | Parisun;2025-04-05;2025-08-06;123,0;14561,35;213605,0;14561,35;0,06816951850378035
HMUU5528972;40';2,0;4;CMI24000435 | CMI24000446 | IMFOR00368/24;Dongguan Alljoyful | Lanrun | YNS;2025-03-01;;;14442,11;229872,8;7221,055;0,06282652841049485
TRHU7700828;20';1,0;5;CMI25000453 | IMFOR00006/25;Everich | Max Home;2025-04-02;2025-01-03;;14350,3;235883,28;14350,3;0,06083644419392506
TEMU7273233;20';1,0;5;CAI25002023 | CMI25000473 | CMI25000489 | CMI25000514 | WMFIM250890;Dongguan Alljoyful | Lanrun | YNS | Yiwu Runhui;2025-01-06;2025-08-06;61,0;14087,42;195944,9;14087,42;0,0718948030798454
CSNU9626108;40';2,0;5;CMI25000572 | IMFOR00116/25 | WMFIM251077;AT Express | Everich | YNS;2025-03-09;2025-12-10;31,0;13944,54;252899,14;6972,27;0,05513874028990372
CSNU7089806;40';2,0;4;CMI25000524 | CMI25000525 | CMI25000527;Everich | Lanrun;;2025-04-08;;13901,87;284716,8;6950,935;0,048827009856812105
HMUU8698256;40';2,0;3;CMI24000431 | CMI25000450 | IMFOR00377/24;Lanrun | YNS;;;;13588,81;224611,2;6794,405;0,06049925382171503
HMUU7264956;40';2,0;4;CMI25000540 | CMI25000543 | WMFIM250989;Everich | YNS;;;;13407,47;202896,1;6703,735;0,06608047172912639
MSCU5672073;40';2,0;4;IMFOR00114/25 | IMFOR00116/25;AT Express;2025-09-09;2025-10-10;31,0;13400,0;69847,28;6700,0;0,19184712704632165
HLXU5107245;40';2,0;5;CMI24000427 | IMFOR00365/24 | IMP-02/8320 | IMP-SEA80246/24;AT Express | BH Unit | Newcom | YNS;2025-05-01;;;13225,42;80029,6;6612,71;0,1652566050561292
HLXU5218028;40';2,0;3;CMI25000491 | WMFIM250769 | WMFIM250770;SINOVOE | Shenzhen Zhenxin | Yiwu Runhui;;2025-04-06;;12866,92;283228,0;6433,46;0,045429547926052506
TCNU1326765;40';2,0;3;CMI25000517 | CMI25000518 | IMFOR00060/25;ARUN | Everich | Lanrun;;2025-06-08;;12793,03;212430,0;6396,515;0,06022233206232642
OOCU6438436;40';2,0;3;CMI25000520;YNS;;;;12603,68;257538,75;6301,84;0,04893896549548369
TEMU7818496;40';2,0;5;CMI25000609 | CMI25000610 | IMFOR00206/25 | WMFIM251180;AT Express | Everich | YNS;2025-02-11;2025-08-12;182,0;12500,0;271078,89;6250,0;0,04611203771713836
TCNU9075854;40';2,0;4;IMFOR00208/25 | IMFOR00209/25 | WMFIM251180;Parisun | YNS;2025-01-11;2025-09-12;202,66666666666666;12180,0;352485,4;6090,0;0,03455462268791842
APHU2197935;20';1,0;5;IMFOR00349/24 | IMP-SEA80244/24;AT Express | YNS;2024-01-12;;;11770,070939102701;125472,5;11770,070939102701;0,09380598090500071
HMUU5663623;40';2,0;4;CMI24000419 | IMP-SEA80222/24 | nan;Lanrun | Parisun | YNS;;;;11650,0;295618,0;5825,0;0,039408966977653594
OOCU4694634;20';1,0;4;CMI25000549 | CMI25000557 | CMI25000559 | IMFOR00095/25;Everich | Lanrun | Parisun;2025-05-09;2025-03-10;-119,0;11610,400000000001;273037,6;11610,400000000001;0,042523081070152985
TEMU5443951;40';2,0;5;CMI24000439 | CMI24000441 | IMFOR00373/24 | IMFOR00377/24;Dongguan Alljoyful | Newcom | Parisun | YNS;;;;11558,439999999999;154330,0;5779,219999999999;0,07489431737186547
OOCU1666754;20';1,0;4;CMI25000635 | CMI25000637 | IAFOR00001/26;Dongguan Soonleader | Everich | Wenzhou Yuanfei;2026-10-01;2026-12-02;;11546,9;138630,80000000002;11546,9;0,08329245737599436
TCNU3030113;40';2,0;3;WMFIM250990;YNS;;2025-08-09;;11400,01;181459,1;5700,005;0,06282412951458483
OOCU5667265;20';1,0;2;GOC24032-2 | GOC24040-1;Dongguan Alljoyful | Lanrun;;2024-12-09;;11350,0;141992,0;11350,0;0,07993408079328412
CSNU4539704;20';1,0;2;CMI25000448;Everich;;;;11336,79;165131,2;11336,79;0,06865322846318564
SUDU8082668;20';1,0;5;CMI24000447 | CMI25000469 | WMFIM250692 | WMFIM250697;Everich | Lanrun | YNS;2025-05-03;2025-10-04;-60,0;11129,56;359082,4;11129,56;0,030994445843071112
FFAU2191066;40';2,0;5;CMI25000558 | WMFIM251039;Everich | YNS;;2025-03-10;;10975,0;289348,39;5487,5;0,03793005380123248
MSCU2321324;40';2,0;2;IMFOR00066/25;AT Express;;2025-01-08;;10830,0;34923,64;5415,0;0,3101051322256214
TEMU7210606;20';1,0;4;IMFOR00352/24 | IMP-SEA80234/24 | IMP-SEA80243/24;AT Express | Ningbo Toprank | YNS;2024-02-12;2025-09-01;346,25;10746,34667530314;125567,6;10746,34667530314;0,08558216192157166
MSCU4744854;20';1,0;5;GOC23031-8 | GOC23031-9 | GOC24009-1 | GOC24014-1 | GOC24024-1;Dongguan Alljoyful | Lanrun | Newcom;;2024-01-06;;10296,3;291007,9;10296,3;0,0353815136977381
SUDU6292423;20';1,0;2;IMP-SEA80245/24 | IMP-SEA80270/24;AT Express | Everich;2025-06-01;2025-12-02;62,0;10150,0;100397,43999999999;10150,0;0,10109819533247064
APHU1987737;40';2,0;3;CMI25000561 | IMFOR00100/25 | WMFIM251050;ANHUI | Everich | Ningbo Toprank;;2025-03-10;;10145,0;120883,2;5072,5;0,083923986128759
MSKU6440561;20';1,0;4;CMI24000434 | IMFOR00369/24 | IMP-SEA80277/24;Everich | Lanrun | YNS;2025-05-01;2025-11-02;-14,5;10143,2;171122,0;10143,2;0,05927466953401667
CSNU4965789;20';1,0;4;IMFOR00205/25 | IMFOR00206/25;AT Express;;;;10000,0;52972,0;10000,0;0,18877897757305748
MSCU4769795;40';2,0;5;CMI25000549 | CMI25000550 | CMI25000552 | IAFOR00037/25;Everich | Lanrun | Newcom;2025-06-08;2025-08-09;-119,0;9924,79;221874,0;4962,395;0,04473164949475829
TCNU2642635;20';1,0;4;CMI25000605 | CMI25000606 | IMFOR00205/25;AT Express | Everich | Lanrun;2025-03-11;;;9816,8;205798,8;9816,8;0,047700958411808034
OOCU4337174;20';1,0;5;CMI24000447 | CMI25000499 | CMI25000511 | CMI25000514;Lanrun | Max Home | YNS;2025-06-06;2025-06-07;1,0;9813,34;231936,4;9813,34;0,0423104782173044
TCNU2525206;20';1,0;5;IMFOR00003/25 | IMFOR00371/24 | IMFOR00376/24;Newcom | Parisun;2025-06-02;;;9782,8;111756,0;9782,8;0,08753713447152725
APHU5408072;20';1,0;5;CMI25000451;Everich;2025-04-02;2025-06-03;62,0;9775,26;174003,63999999998;9775,26;0,05617847994444255
CAXU8099076;40';2,0;3;CMI25000500 | IMP-02/9926 | WMFIM250955;Lanrun | Shenzhen Ilinois | YNS;2025-10-07;;;9757,05;134073,0;4878,525;0,07277416034548342
HMUU5491946;40';2,0;3;CMI25000448 | IMP-SEA80263/24;Everich | Yiwu Runhui;2025-06-01;2025-12-02;184,0;9329,86;110408,5;4664,93;0,08450309532327674
OOCU8852574;40';2,0;5;CMI25000467 | CMI25000471 | CMI25000478 | IAFOR00017/25 | WMFIM250737;Dongguan Alljoyful | Lanrun | Max Home | Newcom | Yiwu Runhui;2025-01-04;2025-07-05;76,0;9245,7;249877,0;4622,85;0,037001004494211155
MSCU9997381;20';1,0;4;IMFOR00195/25;AT Express;2025-09-10;;;9200,0;52972,0;9200,0;0,17367665936721285
CSNU6672134;20';1,0;3;IMFOR00087/25 | WMFIM251001;Parisun | YNS;2025-07-08;2025-10-09;93,0;9190,16;133001,5;9190,16;0,0690981680657737
SUDU1109031;40';2,0;4;GOC23040-2 | GOC24036-1 | GOC24040-2 | GOC24055-1;AT Express | Lanrun | Yiwu Runhui;;2024-12-09;;8916,4;142704,8;4458,2;0,062481430197162256
HMUU7402509;40';2,0;5;CMI25000468 | IMFOR00009/25 | IMFOR00027/25 | IMP-SEA90075/25;AT Express | Everich | Gocase Int Coöperatief U.A. | YNS;2025-01-04;2025-09-06;182,0;8763,029999999999;163397,44;4381,514999999999;0,053630154793122824
OOCU2065818;40';2,0;4;CMI25000468 | CMI25000473 | IMP-SEA90074/25;AT Express | Everich | Lanrun;;2025-09-06;;8720,35;163131,6;4360,175;0,0534559214768935
CAXU6007072;20';1,0;4;CMI25000507 | CMI25000508 | IMFOR00044/25;Everich | YNS;2025-04-06;2025-10-07;184,0;8340,58;238783,95;8340,58;0,0349293995681033
APHU8090293;40';2,0;4;GOC24044-1 | GOC24044-2 | GOC24045-1 | GOC24051-1;YNS;2024-12-08;2024-01-10;-333,0;8066,66;131955,0;4033,33;0,06113190102686522
MSCU8935169;40';2,0;3;CMI25000580 | CMI25000581;Everich | Lanrun;;2025-12-10;;8050,0;282992,4;4025,0;0,02844599360265505
MSKU2921859;40';2,0;5;CMI25000487 | WMFIM250760 | WMFIM250780 | WMFIM250783;Dongguan Alljoyful | Parisun | YNS;2025-02-05;2025-02-06;1,0;8038,26;366933,3065;4019,13;0,021906596805487868
HLXU4335942;20';1,0;3;GOC24012-7 | GOC24030-1 | GOC24037-1;Everich | Lanrun | YNS;;;;7952,16;128817,5;7952,16;0,06173198517282202
TRHU7350753;40';2,0;5;GOC24028-2 | GOC24052-2 | GOC24053-1 | GOC24066-3 | GOC24070-1;Everich | Lanrun | Parisun | YNS;2024-06-10;;;7912,33;321013,38;3956,165;0,024647975732351092
HLXU9910817;40';2,0;5;IMFOR00243/25 | IMFOR00257/25 | WMFIM251276;AT Express | YNS;2025-10-12;;;7860,2366999999995;76231,74;3930,1183499999997;0,10310976372833676
CAXU1938483;40';2,0;5;CMI24000436 | IMP-SEA80277/24 | IMP-SEA80278/24;Everich | YNS;2025-05-01;2025-11-02;-53,8;7739,29;136637,55;3869,645;0,05664101851943335
CAXU6543670;20';1,0;3;WMFIM251077;YNS;2025-03-09;;;7675,13;232359,12;7675,13;0,03303132668087227
MSCU8536477;20';1,0;5;GOC24012-9 | GOC24021-2 | GOC24049-1 | GOC24059-1 | GOC24061-1;Lanrun | Newcom;;;;7610,65;83040,0;7610,65;0,09165040944123314
OOCU1445199;40';2,0;4;GOC23035-1 | GOC24012-4 | GOC24016-1 | GOC24060-1;Dongguan Alljoyful | Lanrun | Parisun | YNS;2024-08-06;;;7595,64;134690,0;3797,82;0,05639349617640508
TEMU6855396;20';1,0;2;AGLIA0273-26 | CMI26000649;Lanrun | YCYMO Technology;2026-05-02;2026-11-02;153,0;7250,98;108354,0;7250,98;0,06691935692267936
FFAU4823498;40';2,0;3;GOC24041-2 | GOC24105-1/GOC24070-4;Ansheng | Lanrun;;2024-04-12;;7160,0;136097,59999999998;3580,0;0,05260930391131072
FFAU7754864;40';2,0;4;IMFOR00194/25 | WMFIM251142;AT Express | YNS;2025-04-10;2025-11-11;93,0;7125,719999999999;46409,0;3562,8599999999997;0,15354176991531815
GESU8633773;20';1,0;4;CMI25000614 | WMFIA251218 | WMFIM251213 | WMFIM251253;Everich | Sanfeng | YNS;2025-07-12;2026-09-01;416,0;6932,11;130530,92;6932,11;0,05310703395027017
MSCU2582524;20';1,0;4;CMI25000588 | IMFOR00183/25 | IMFOR00184/25;Everich | Parisun;2025-05-10;2025-09-11;83,0;6900,0;190016,6;6900,0;0,03631261689768157
SUDU9937326;40';2,0;2;CMI25000530 | WMFIM250944;Lanrun | YNS;;2025-07-08;;6685,81;117569,25;3342,905;0,05686699540908869
TCNU3351868;20';1,0;5;CMI25000599 | CMI25000600 | IAFOR00085/25;Everich | YCYMO Technology;2025-09-10;2025-09-11;1,0;6672,77;176962,0;6672,77;0,03770736090234062
MSCU7728339;40';2,0;5;CMI25000606 | CMI25000611 | CMI25000615 | IAFOR00088/25;Everich | Lanrun | Shenzhen Zhenxin | Yiwu Honglu;2025-03-11;2025-01-12;;6593,68;222493,1;3296,84;0,02963543588542746
MSCU3219824;40';2,0;4;02/10394 | CMI25000579 | WMFIM251077;Lanrun | Shenzhen Ilinois | YNS;2025-03-09;2025-12-10;31,0;6480,33;180102,0;3240,165;0,03598144384848586
TCNU6304573;40';2,0;5;CMI25000639 | IMFOR00293/25 | WMFIM251349 | WMFIM251351;Dongguan Alljoyful | Lanrun | YNS | Yushi HongKong;2026-10-01;2026-05-03;;6349,1;351047,65;3174,55;0,01808614870374435
CSNU5924115;40';2,0;4;CMI25000493 | WMFIA250786 | WMFIM250732 | WMFIM250794;Everich | Newcom | YNS;2025-06-05;2025-10-06;123,0;6320,360000000001;285096,7;3160,1800000000003;0,02216917979057632
SUDU3710343;40';2,0;2;CMI25000512;Lanrun;;;;6298,76;159080,0;3149,38;0,03959492079456877
GESU9852897;40';2,0;2;WMFIM250955;YNS;2025-10-07;;;6245,929999999999;60669,5;3122,9649999999997;0,10295008200166475
CAXU6075395;20';1,0;5;IMFOR00029/26 | IMFOR00031/26;AT Express;;;;6225,0;66215,0;6225,0;0,09401193083138262
FFAU5614226;40';2,0;2;GOC23031-6 | GOC23031-7;Lanrun;;;;6200,0;207053,60000000003;3100,0;0,02994393722205264
MSCU2130789;20';1,0;2;CMI25000501;Lanrun;;2025-03-10;;6150,0;180876,4;6150,0;0,034001118996176395
MSKU2651177;40';2,0;3;CMI25000595 | WMFIM251142;Wenzhou Yuanfei | YNS;2025-07-10;2025-11-11;93,0;6124,280000000001;208668,95;3062,1400000000003;0,0293492635104552
TRHU1009594;40';2,0;2;CMI25000520 | WMFIM250912;Dongguan Alljoyful | YNS;;;;5996,32;68120,0;2998,16;0,08802583675866119
TEMU9548432;20';1,0;3;GOC25004 | IMFOR00378/24;Dacen | YNS;2025-08-02;;;5900,6;75250,0;5900,6;0,07841328903654486
HMUU4078418;20';1,0;3;CMI25000502 | CMI25000588 | CMI25000594;Everich | Lanrun;2025-09-10;2025-09-11;1,0;5750,0;182212,8;5750,0;0,03155650975123592
CAXU2161193;40';2,0;1;CMI25000529;Lanrun;;;;5660,44;101462,4;2830,22;0,05578854827009808
CSNU8231838;40';2,0;2;CMI25000592 | WMFIM251130;Lanrun | YNS;2025-01-10;2025-03-11;;5642,33;185312,7;2821,165;0,03044761638031284
CSNU4905582;40';2,0;1;CMI24000413;Lanrun;2024-11-11;;;5640,1037150091925;85297,6;2820,0518575045962;0,06612265427174026
SUDU3109911;40';2,0;1;WMFIM250944;YNS;;2025-07-08;;5465,0;84545,75;2732,5;0,06463955905530437
GESU2936571;40';2,0;4;IMFOR00054/26 | WMFIM261418 | WMFIM261433;Parisun | Yiwu Runhui | Yushi HongKong;2026-01-02;2026-03-04;29,0;5329,82;296883,06;2664,91;0,017952590491353733
MSKU5479144;20';1,0;5;352GZH2411012 | IMFOR00349/24 | WMFIMP-24/0606;Everich | YNS;2024-01-12;2025-12-01;415,0;5267,879060897298;89497,6;5267,879060897298;0,05886056230443383
GESU8761611;20';1,0;3;CMI25000599 | WMFIM251164;Everich | YNS;;;;5186,15;185082,3;5186,15;0,02802077778372108
CAXU9517169;40';2,0;3;CMI25000499 | IMFOR00044/25;Lanrun | YNS;2025-04-06;2025-10-07;184,0;5153,75;195158,2;2576,875;0,02640806279213479
TCNU7120868;20';1,0;3;CMI24000424 | nan;Lanrun;2024-04-12;2025-05-01;384,0;5150,0;197418,0;5150,0;0,026086780334113404
HLXU9196204;40';2,0;5;CMI26000667 | WMFIM261433;Lanrun | Yushi HongKong;2026-02-03;2026-12-04;153,0;5143,945;186664,97999999998;2571,9725;0,02755709721234267
HLXU3997281;20';1,0;3;CMI25000468 | IMP 02/9333 | WMFIA250862;Dacen | Everich | Sanfeng;;2025-06-06;;5040,5599999999995;23411,25;5040,5599999999995;0,2153050349725025
APHU9164991;20';1,0;3;CMI25000618 | IMFOR00224/25;Everich | Parisun;;;;5033,34;136067,91999999998;5033,34;0,03699137901130554
CMAU5781295;40';2,0;4;IMFOR00028/26 | IMFOR00029/26;AT Express;;;;4980,0;52972,0;2490,0;0,09401193083138262
FFAU6022741;40';2,0;4;IMFOR00032/26 | IMFOR00033/26;AT Express;;2026-01-03;;4980,0;52972,0;2490,0;0,09401193083138262
OOCU9874152;20';1,0;4;IMFOR00032/26 | IMFOR00033/26;AT Express;;2026-01-03;;4980,0;52972,0;4980,0;0,09401193083138262
MSCU5456272;40';2,0;4;CAI26002248 | CMI25000639 | WMFIM251347;Lanrun | Newcom | Yushi HongKong;2026-10-01;;;4696,65;268310,6;2348,325;0,01750452647044135
HLXU3770370;20';1,0;2;WMFIM250955;YNS;2025-10-07;;;4505,09;43760,0;4505,09;0,10294995429616088
CMAU8106470;40';2,0;3;WMFIM251130;YNS;;2025-03-11;;4407,67;145904,24;2203,835;0,03020933456080509
FFAU7550190;20';1,0;2;CMI25000617;Lanrun;;;;4400,0;174862,4;4400,0;0,025162642168928256
MSCU9375710;20';1,0;1;CMI25000450;Lanrun;;;;4299,42;81900,0;4299,42;0,052495970695970694
TRHU1983738;20';1,0;2;CMI25000614 | WMFIM251198;Everich | Ningbo Toprank;;;;4297,22;112370,19999999995;4297,22;0,03824163345798087
TEMU2719583;20';1,0;1;GOC23031-10;Lanrun;;2024-12-06;;4247,0;84713,6;4247,0;0,0501336267140105
HLXU2344047;40';2,0;5;CMI25000629 | CMI25000631 | IMFOR00254/25;Everich | Lanrun | Parisun;;;;4135,0;215937,0;2067,5;0,019149103673756697
TEMU8755439;40';2,0;2;CMI24000446 | IMFOR00365/24;Lanrun | YNS;2025-03-01;;;4031,07;67439,4;2015,535;0,05977321862294149
CSNU2140194;20';1,0;4;CMI25000628 | WMFIM251299;Lanrun | Yushi HongKong;;;;3842,5299999999997;181671,6;3842,5299999999997;0,021150966909522454
CMAU4679591;20';1,0;3;CMI25000453 | IMFOR00378/24;Everich | YNS;2025-08-02;2025-01-03;;3791,5200000000004;68900,0;3791,5200000000004;0,055029317851959365
TRHU2737893;20';1,0;5;CMI26000652 | CMI26000655 | IMFOR00033/26;AT Express | Everich | Lanrun;2026-05-02;2026-09-04;125,0;3785,11;182864,58000000002;3785,11;0,020698978446236006
TRHU5130808;40';2,0;4;CMI25000633 | WMFIM251321;Everich | Yushi HongKong;2026-08-01;2026-12-02;-60,0;3673,66;260725,80000000002;1836,83;0,014090128403096279
APHU6261415;20';1,0;5;CMI25000626 | WMFIM251267 | WMFIM251277;Everich | Newcom | Yushi HongKong;2025-10-12;;;3511,27;153175,0;3511,27;0,022923257711767585
MSCU6271130;40';2,0;5;CMI25000633 | CMI25000639 | CMI25000640;Everich | Lanrun;2026-12-01;2026-12-02;;3416,02;276597,8;1708,01;0,012350134382847586
MSKU9143903;20';1,0;1;IMFOR00114/25;AT Express;2025-09-09;2025-10-10;31,0;3350,0;17461,82;3350,0;0,19184712704632165
TRHU2795765;20';1,0;3;CMI26000660 | WMFIA261430;Everich | Newcom;2026-03-02;2026-12-04;143,0;3212,79;75786,5;3212,79;0,04239264248909766
TEMU4185957;20';1,0;3;WMFIM251213;YNS;;;;3150,0;93107,0;3150,0;0,03383204270355612
CAXU4117625;20';1,0;3;CMI25000620 | CMI25000628;Lanrun;2025-02-12;2026-03-01;382,0;3136,29;199849,2;3136,29;0,015693282735182328
TRHU3253031;20';1,0;4;CMI26000652 | WMFIM261414 | WMFIM261433;Lanrun | Yushi HongKong;2026-02-03;2026-03-04;29,0;3123,6;172831,5;3123,6;0,018073094314404493
CAXU7067228;40';2,0;5;1062407357 | GOC24066-5 | GOC24066-6 | GOC24093-1;Newcom | YNS;;;;3111,6;161506,72;1555,8;0,019266071405573713
TRHU2154126;20';1,0;5;IMP 02-11869 | WMFIM261369;Shenzhen Ilinois | Yushi HongKong;;;;3024,76;155109,0;3024,76;0,019500867132145782
HLXU5449324;20';1,0;4;WMFIM261369;Yushi HongKong;;;;3000,0;183598,0;3000,0;0,016340047277203455
TRHU4684531;40';2,0;3;IMFOR00369/24 | WMFIM240610;Parisun | YNS;2025-09-01;2025-06-02;-106,5;2930,6000000000004;49714,2;1465,3000000000002;0,05894895221083716
OOCU2375453;40';2,0;4;CMI25000637 | IMFOR00290/25 | WMFIM251339;Everich | Parisun | YNS;2026-04-01;2026-12-02;123,0;2875,7899999999995;129316,92;1437,8949999999998;0,022238311892983528
CSNU4576135;20';1,0;3;CAI26002264 | CMI26000643 | CMI26000645;Everich | Yushi HongKong;2026-05-02;2026-05-03;;2845,5;54415,5;2845,5;0,052292085894643986
SUDU1790481;20';1,0;2;CMI25000454;Everich;2025-03-03;2025-02-04;-27,0;2733,86;88463,52;2733,86;0,030903812102434994
HLXU2785277;40';2,0;1;WMFIA250863;Sanfeng;;2025-06-06;;2730,0;8685,0;1365,0;0,3143350604490501
HMUU3653446;40';2,0;2;CMI25000493 | CMI25000494;YNS;2025-06-05;2025-10-06;123,0;2620,84;182528,0;1310,42;0,014358564165497897
MSCU9478454;20';1,0;3;GOC24012-5 | GOC24034-1 | GOC24035-1;Dongguan Alljoyful | Lanrun;;;;2583,95;116064,7;2583,95;0,02226301364669878
FFAU8688755;40';2,0;5;CMI25000639 | CMI26000642 | CMI26000643 | WMFIM261360;Everich | Lanrun | Ningbo Toprank;;2026-05-03;;2555,03;177027,3;1277,515;0,014432971637707858
MSKU4946066;40';2,0;5;CMI25000632 | WMFIM251306 | WMFIM251311;Everich | Ningbo Toprank | Yiwu Runhui;2026-02-01;2026-12-02;121,0;2554,18;109980,4;1277,09;0,023223956268571492
APHU5418934;40';2,0;2;CMI25000497;YNS;;;;2527,05;149068,0;1263,525;0,016952330480049373
HMUU9770838;20';1,0;3;WMFIM251339 | WMFIM251340;YNS | Yushi HongKong;2026-08-01;2026-06-02;-60,0;2518,62;161644,16;2518,62;0,015581261952179404
FFAU1247595;40';2,0;1;IMFOR00206/25;AT Express;;;;2500,0;13243,0;1250,0;0,18877897757305748
TEMU8351517;20';1,0;2;IMFOR00029/26;AT Express;;;;2490,0;26486,0;2490,0;0,09401193083138262
CAXU2839607;40';2,0;3;CMI24000400 | CMI25000454 | WMFIM250697;Everich | Parisun | YNS;2025-02-03;2025-03-04;-19,333333333333332;2409,83;85683,25;1204,915;0,028124866878882396
SUDU2833230;20';1,0;1;IMFOR00194/25;AT Express;2025-04-10;;;2300,0;13243,0;2300,0;0,17367665936721285
MSCU4214348;20';1,0;1;IMFOR00195/25;AT Express;2025-09-10;;;2300,0;13243,0;2300,0;0,17367665936721285
APHU6692553;20';1,0;1;IMFOR00194/25;AT Express;2025-04-10;;;2300,0;13243,0;2300,0;0,17367665936721285
FFAU2022698;20';1,0;5;CMI25000620 | CMI25000622 | IMP-02/11127 / IMP-02/11186;Everich | Lanrun | Shenzhen Ilinois;2025-02-12;2026-08-01;452,5;2283,2200000000003;120768,7;2283,2200000000003;0,018905726400963167
HMUU8835373;20';1,0;1;CMI25000594;Lanrun;2025-09-10;2025-09-11;1,0;2250,0;88856,0;2250,0;0,02532186909156388
CAXU1908841;40';2,0;4;IMFOR00190/25 | WMFIM251130;Newcom | YNS;;2025-03-11;;2230,0;292586,33999999997;1115,0;0,007621681859788807
TEMU1954280;20';1,0;2;IMFOR00278/25;Dongguan Alljoyful;;;;2090,0;75302,0;2090,0;0,02775490690818305
HMUU3011363;40';2,0;3;CMI25000628 | WMFIM251312;Lanrun | Yiwu Runhui;2026-02-01;2026-06-02;121,0;2082,4700000000003;97155,6;1041,2350000000001;0,021434379490219813
APHU3607983;20';1,0;5;CMI26000652 | CMI26000662 | CMI26000667 | CMI26000671;Everich | Lanrun;2026-06-03;2026-12-04;184,0;2045,96;168556,8;2045,96;0,012138104188024454
FFAU1499914;20';1,0;5;GOC24012-2 | GOC24012-3 | GOC24014-2 | GOC24027-1 | GOC24048-1;Lanrun | Newcom | YNS;2024-03-06;2024-09-07;52,0;2001,431;192657,8;2001,431;0,010388528260989174
TCNU9683481;40';2,0;4;CMI25000542 | CMI25000543;Everich;;;;1878,3600000000001;28470,850000000002;939,1800000000001;0,065974847958526
APHU8038374;20';1,0;4;GOC24012-6 | GOC24012-8 | GOC24013-1 | GOC24073-1;Endian | Lanrun | Newcom;2024-08-07;2024-09-08;;1604,94;167711,07;1604,94;0,009569672413395252
GESU8096887;40';2,0;3;CMI25000614 | CMI25000618;Everich;;;;1571,13;49005,3;785,565;0,03206040979241021
OOCU2677407;20';1,0;3;CMI26000643 | CMI26000645;Everich;2026-05-02;2026-05-03;;1504,6;106257,29999999999;1504,6;0,014159968303354217
GESU5727085;20';1,0;5;CMI26000655 | CMI26000666 | CMI26000670 | WMFIM261369;Everich | Wenzhou Yuanfei | Yushi HongKong;2026-05-02;2026-12-04;161,75;1496,71;135786,65;1496,71;0,01102251215417716
SUDU6707197;40';2,0;1;CMI25000492;Everich;;2025-04-06;;1400,0;85592,0;700,0;0,016356668847555846
HMUU3195773;20';1,0;2;WMFIM251349-A;Yushi HongKong;;;;1400,0;45698,5;1400,0;0,03063557884832106
MSKU5476583;20';1,0;2;IMFOR00047/25 | WMFIM250794;Everich | Newcom;2025-04-06;2025-10-07;184,0;1394,59;68512,6;1394,59;0,020355233927773865
MSKU6033115;20';1,0;2;WMFIM251349;YNS;;;;1390,9;38556,0;1390,9;0,03607480029048657
MSCU5428914;40';2,0;3;WMFIM261414 | WMFIM261433;Yushi HongKong;2026-02-03;2026-03-04;29,0;1386,68;71354,65;693,34;0,01943363186561773
APHU6752576;20';1,0;1;WMFIM261414;Yushi HongKong;2026-12-02;;;1324,39;73222,25;1324,39;0,01808726172713895
CMAU5374922;20';1,0;3;WMFIM251340;Yushi HongKong;2026-08-01;2026-06-02;-60,0;1300,0;69967,6;1300,0;0,01858002847032055
TRHU5098412;20';1,0;1;IMFOR00028/26;AT Express;;;;1245,0;13243,0;1245,0;0,09401193083138262
OOCU8999183;20';1,0;2;WMFIM251276;YNS;2025-10-12;;;1034,61016;41548,0;1034,61016;0,024901563492827572
APHU8930103;20';1,0;1;CMI25000600;Everich;2025-09-10;2025-09-11;1,0;1000,0;98573,2;1000,0;0,010144745224868423
TRHU6159230;40';2,0;2;CMI25000527;Everich;;2025-04-08;;785,9100000000001;13438,75;392,95500000000004;0,058480885499023354
TEMU5137722;20';1,0;2;GOC25006 | IMFOR00005/25;BH Unit | Parisun;2025-07-03;2025-08-03;31,0;760,73;22185,0;760,73;0,0342902862294343
TEMU3684052;40';2,0;2;WMFIM250697;YNS;2025-05-03;2025-03-04;-60,0;665,27;20552,0;332,635;0,03237008563643441
TEMU7358113;20';1,0;1;IMP-02/11127 / IMP-02/11186;Shenzhen Ilinois;;;;635,49;22770,0;635,49;0,02790909090909091
CAXU5641923;20';1,0;1;IMP-02/12299;Shenzhen Ilinois;;;;580,0;51412,0;580,0;0,011281412899712129
FFAU1841248;40';2,0;1;WMFIM251276;YNS;2025-10-12;;;505,1531;20286,0;252,57655;0,024901562654047128
CAXU2694522;20';1,0;1;CMI24000413;Lanrun;2024-11-11;;;459,8962849908079;6955,200000000001;459,8962849908079;0,06612265427174026
OOCU4533779;20';1,0;2;CMI26000666 | CMI26000671;Everich;2026-06-03;2026-11-04;154,0;458,36;111942,0;458,36;0,004094620428436155
TRHU2217071;40';2,0;3;CMI25000640;Everich;2026-12-01;;;309,09000000000003;29146,019999999997;154,54500000000002;0,010604878470542464
HLXU1192619;20';1,0;1;WMFIM250760;YNS;;;;301,74;16920,0;301,74;0,017833333333333333
GESU1852264;40';2,0;3;CMI26000660 | CMI26000667;Everich | Lanrun;2026-06-03;2026-12-04;184,0;276,37;14092,5;138,185;0,019611140677665426
APHU8187926;20';1,0;1;IMFOR00006/25;Max Home;2025-04-02;;;135,04;1562,4;135,04;0,08643113159242191
TEMU4612365;40';2,0;4;GOC24018-3 | GOC24071-1 | GOC24078-1 | GOC24096-1;BH Unit | Everich | Newcom;2024-03-09;2024-09-10;185,0;69,12;122702,14;34,56;0,0005633153586400368
MSCU2264748;20';1,0;1;CMI25000606;Everich;2025-03-11;;;36,44;1512,0;36,44;0,024100529100529098
GESU4652414;20';1,0;1;CMI25000614;Everich;;;;1,28;64,0;1,28;0,02
APHU2166941;20';1,0;5;GOC24018-4 | GOC24041-1 | GOC24066-9 | GOC24071-3 | GOC24074-1;Ansheng | Everich | YNS;;2024-01-12;;0,0;327783,28;0,0;0,0
APHU8707870;40';2,0;5;GOC24018-2 | GOC24028-1 | GOC24064-2 | SAO092024-058;Dongguan Soonleader | Everich | YNS;2024-08-10;2024-09-11;-152,0;0,0;164961,3;0,0;0,0
CMAU5661907;40';2,0;2;GOC24077-1 | GOC24089-1;Dongguan Alljoyful;;2024-01-10;;0,0;29585,0;0,0;0,0
CSNU8106422;20';1,0;3;CMI26000666;Everich;2026-06-03;2026-12-04;164,0;0,0;72007,4;0,0;0,0
CSNU5918715;40';2,0;2;GOC24071-2 | GOC24072-1;Everich | Parisun;2024-10-10;;;0,0;67133,44;0,0;0,0
CMAU6770619;40';2,0;4;GOC24050-7 | GOC24050-8 | IMP-SEA80124/24;AT Express;2024-03-10;;;0,0;73878,4;0,0;0,0
HLXU3094235;40';2,0;2;GOC24079-1 | GOC24083-1;Newcom | Yiwu Runhui;2024-05-10;2024-12-11;215,0;0,0;43050,0;0,0;0,0
OOCU4226067;20';1,0;5;GOC24052-3 | GOC24052-4 | GOC24052-5 | GOC24066-7 | GOC24066-8;YNS;;;;0,0;206180,04;0,0;0,0
MSKU2458591;20';1,0;2;GOC24002-1 | GOC24011-1;Newcom | Parisun;;2024-12-06;;0,0;66774,0;0,0;0,0
OOCU5437923;40';2,0;1;GOC24063-1;Dongguan Alljoyful;2024-06-10;;;0,0;67028,96;0,0;0,0
SUDU1728977;40';2,0;2;GOC24077-2 | GOC24089-2;Dongguan Alljoyful;2024-06-10;;;0,0;22170,0;0,0;0,0
