num_container;tipo;teu;ref_bl;supplier;etd;eta;modal;status;frete;frete_total_cont;frete_cont_por_teu;valor_pi;valor_pi_total_cont;pct_processo_no_cont;pct_frete_pi
APHU1987737;40';2,0;CMI25000561;Everich;;2025-03-10;FCL;Entregue;3075,0;10145,0;5072,5;73791,0;120883,2;0,30310497782158696;0,04167174858722608
APHU1987737;40';2,0;IMFOR00100/25;ANHUI;;2025-03-10;FCL;Entregue;3970,0;10145,0;5072,5;22142,2;120883,2;0,3913257762444554;0,17929564361264913
APHU1987737;40';2,0;WMFIM251050;Ningbo Toprank;;;FCL;Entregue;3100,0;10145,0;5072,5;24950,0;120883,2;0,3055692459339576;0,12424849699398798
APHU2166941;20';1,0;GOC24018-4;Everich;;;nan;Entregue;;0,0;0,0;72192,6;327783,28;;
APHU2166941;20';1,0;GOC24041-1;Ansheng;;2024-01-12;nan;Entregue;;0,0;0,0;68346,0;327783,28;;
APHU2166941;20';1,0;GOC24066-9;YNS;;;nan;Entregue;;0,0;0,0;34229,84;327783,28;;
APHU2166941;20';1,0;GOC24071-3;Everich;;2024-01-12;nan;Entregue;;0,0;0,0;122115,84;327783,28;;
APHU2166941;20';1,0;GOC24074-1;YNS;;;nan;Entregue;;0,0;0,0;30899,0;327783,28;;
APHU2197935;20';1,0;IMFOR00349/24;YNS;2024-01-12;;nan;Entregue;3086,957376201353;11770,070939102701;11770,070939102701;54593,49999999999;125472,5;0,2622717732266012;0,05654441236047063
APHU2197935;20';1,0;IMFOR00349/24;YNS;2024-01-12;;nan;Entregue;1323,1392492350128;11770,070939102701;11770,070939102701;23400,0;125472,5;0,11241557133179719;0,056544412360470635
APHU2197935;20';1,0;IMFOR00349/24;YNS;2024-01-12;;nan;Entregue;703,9779338878594;11770,070939102701;11770,070939102701;12450,000000000002;125472,5;0,05981084884961004;0,05654441236047063
APHU2197935;20';1,0;IMFOR00349/24;YNS;2024-01-12;;nan;Entregue;955,9963797784768;11770,070939102701;11770,070939102701;16907,0;125472,5;0,08122265232934593;0,05654441236047062
APHU2197935;20';1,0;IMP-SEA80244/24;AT Express;;;nan;Entregue;5700,0;11770,070939102701;11770,070939102701;18122,0;125472,5;0,4842791542626457;0,3145348195563404
APHU3607983;20';1,0;CMI26000652;Lanrun;2026-12-02;;FCL;Em Trânsito;1250,0;2045,96;2045,96;95997,2;168556,8;0,6109601360730414;0,013021213118715963
APHU3607983;20';1,0;CMI26000662;Everich;;;FCL;Pronto para Embarque;;2045,96;2045,96;0,0;168556,8;;
APHU3607983;20';1,0;CMI26000667;Lanrun;2026-06-03;2026-12-04;FCL;Booking;4,32;2045,96;2045,96;136,0;168556,8;0,0021114782302684315;0,031764705882352945
APHU3607983;20';1,0;CMI26000671;Everich;2026-06-03;2026-12-04;FCL;Booking;640,11;2045,96;2045,96;58561,2;168556,8;0,3128653541613717;0,010930616175898036
APHU3607983;20';1,0;CMI26000671;Everich;2026-06-03;2026-12-04;FCL;Booking;151,53;2045,96;2045,96;13862,4;168556,8;0,07406303153531839;0,010931007617728533
APHU5408072;20';1,0;CMI25000451;Everich;2025-04-02;2025-06-03;nan;Entregue;1045,09;9775,26;9775,26;18603,0;174003,63999999998;0,10691173431704118;0,056178573348384664
APHU5408072;20';1,0;CMI25000451;Everich;2025-04-02;2025-06-03;nan;Entregue;722,32;9775,26;9775,26;12857,6;174003,63999999998;0,07389266372454543;0,05617844698855152
APHU5408072;20';1,0;CMI25000451;Everich;2025-04-02;2025-06-03;nan;Entregue;2011,7;9775,26;9775,26;35809,04;174003,63999999998;0,20579503767674723;0,05617855156128173
APHU5408072;20';1,0;CMI25000451;Everich;2025-04-02;2025-06-03;nan;Entregue;3158,3;9775,26;9775,26;56219,03999999999;174003,63999999998;0,3230911505167126;0,056178476188849906
APHU5408072;20';1,0;CMI25000451;Everich;2025-04-02;2025-06-03;nan;Entregue;2837,85;9775,26;9775,26;50514,96;174003,63999999998;0,29030941376495356;0,05617840734705125
APHU5418934;40';2,0;CMI25000497;YNS;;;FCL;Entregue;1132,06;2527,05;1263,525;66779,0;149068,0;0,4479768900496626;0,016952335314994234
APHU5418934;40';2,0;CMI25000497;YNS;;;FCL;Entregue;1394,99;2527,05;1263,525;82289,0;149068,0;0,5520231099503373;0,016952326556404867
APHU6229731;40';2,0;IMFOR00080/25;Parisun;;2025-10-09;FCL;Entregue;16380,0;33878,94;16939,47;179524,0;411395,6;0,48348620116213786;0,09124128250261804
APHU6229731;40';2,0;WMFIM250967;YNS;;;FCL;Entregue;1351,95;33878,94;16939,47;16680,0;411395,6;0,03990532171313506;0,0810521582733813
APHU6229731;40';2,0;WMFIM250967;YNS;;;FCL;Entregue;6869,78;33878,94;16939,47;83538,0;411395,6;0,2027743489022974;0,0822353898824487
APHU6229731;40';2,0;WMFIM250967;YNS;;;FCL;Entregue;4708,27;33878,94;16939,47;57253,6;411395,6;0,1389733563092588;0,08223535288610674
APHU6229731;40';2,0;WMFIM250989;YNS;;;FCL;Entregue;4568,94;33878,94;16939,47;74400,0;411395,6;0,1348607719131708;0,06141048387096774
APHU6261415;20';1,0;CMI25000626;Everich;2025-11-12;;FCL;Entregue;624,05;3511,27;3511,27;30429,000000000004;153175,0;0,17772771675205837;0,020508396595353112
APHU6261415;20';1,0;CMI25000626;Everich;2025-11-12;;FCL;Entregue;875,95;3511,27;3511,27;42712,2;153175,0;0,24946814115690336;0,020508192038808586
APHU6261415;20';1,0;WMFIM251267;Newcom;;;LCL;Entregue;11,27;3511,27;3511,27;2599,2;153175,0;0,0032096648790893322;0,004335949522930133
APHU6261415;20';1,0;WMFIM251277;Yushi HongKong;2025-10-12;;FCL;Entregue;575,68;3511,27;3511,27;20697,6;153175,0;0,16395207432068737;0,027813852813852815
APHU6261415;20';1,0;WMFIM251277;Yushi HongKong;2025-10-12;;FCL;Entregue;1424,32;3511,27;3511,27;56737,0;153175,0;0,4056424028912616;0,025103900452967197
APHU6692553;20';1,0;IMFOR00194/25;AT Express;2025-04-10;;FCL;Entregue;2300,0;2300,0;2300,0;13243,0;13243,0;1,0;0,17367665936721285
APHU6752576;20';1,0;WMFIM261414;Yushi HongKong;2026-12-02;;FCL;Em Trânsito;1324,39;1324,39;1324,39;73222,25;73222,25;1,0;0,01808726172713895
APHU8038374;20';1,0;GOC24012-6;Lanrun;;;FCL;Entregue;;1604,94;1604,94;89090,0;167711,07;;
APHU8038374;20';1,0;GOC24012-8;Lanrun;2024-08-07;;FCL;Entregue;;1604,94;1604,94;67244,2;167711,07;;
APHU8038374;20';1,0;GOC24013-1;Endian;2024-11-07;;LCL;Entregue;;1604,94;1604,94;8360,0;167711,07;;
APHU8038374;20';1,0;GOC24073-1;Newcom;;2024-09-08;Aéreo;Entregue;1604,94;1604,94;1604,94;3016,8700000000003;167711,07;1,0;0,5319884516071292
APHU8090293;40';2,0;GOC24044-1;YNS;;;FCL;Entregue;3900,0;8066,66;4033,33;58280,0;131955,0;0,4834714739433669;0,06691832532601236
APHU8090293;40';2,0;GOC24044-2;YNS;2024-12-08;2024-01-10;FCL;Entregue;2083,33;8066,66;4033,33;21700,0;131955,0;0,25826426302831657;0,09600599078341014
APHU8090293;40';2,0;GOC24045-1;YNS;2024-12-08;2024-01-10;FCL;Entregue;2083,33;8066,66;4033,33;49635,0;131955,0;0,25826426302831657;0,04197300292132568
APHU8090293;40';2,0;GOC24051-1;YNS;2024-12-08;2024-01-10;FCL;Entregue;;8066,66;4033,33;2340,0;131955,0;;
APHU8187926;20';1,0;IMFOR00006/25;Max Home;2025-04-02;;nan;Entregue;135,04;135,04;135,04;1562,4;1562,4;1,0;0,08643113159242191
APHU8707870;40';2,0;GOC24018-2;Everich;;2024-09-11;FCL;Entregue;;0,0;0,0;45335,7;164961,3;;
APHU8707870;40';2,0;GOC24028-1;Everich;;2024-09-11;FCL;Entregue;;0,0;0,0;32142,0;164961,3;;
APHU8707870;40';2,0;GOC24064-2;Dongguan Soonleader;2024-08-10;2024-03-11;LCL;Entregue;;0,0;0,0;27003,6;164961,3;;
APHU8707870;40';2,0;SAO092024-058;YNS;;2024-09-11;FCL;Entregue;;0,0;0,0;30240,0;164961,3;;
APHU8707870;40';2,0;SAO092024-058;YNS;;2024-09-11;FCL;Entregue;;0,0;0,0;30240,0;164961,3;;
APHU8930103;20';1,0;CMI25000600;Everich;2025-09-10;2025-09-11;FCL;Entregue;1000,0;1000,0;1000,0;98573,2;98573,2;1,0;0,010144745224868423
APHU9164991;20';1,0;CMI25000618;Everich;;;FCL;Entregue;733,34;5033,34;5033,34;39816,0;136067,91999999998;0,14569649576623078;0,018418223829616234
APHU9164991;20';1,0;IMFOR00224/25;Parisun;;;FCL;Entregue;2198,9;5033,34;5033,34;58691,92;136067,91999999998;0,43686697103712446;0,03746512296752262
APHU9164991;20';1,0;IMFOR00224/25;Parisun;;;FCL;Entregue;2101,1;5033,34;5033,34;37560,0;136067,91999999998;0,41743653319664475;0,05593982960596379
CAXU1908841;40';2,0;IMFOR00190/25;YNS;;;FCL;Entregue;753,4;2230,0;1115,0;87856,14;292586,33999999997;0,337847533632287;0,008575382437698719
CAXU1908841;40';2,0;IMFOR00190/25;YNS;;;FCL;Entregue;701,63;2230,0;1115,0;89460,0;292586,33999999997;0,3146322869955157;0,00784294656829868
CAXU1908841;40';2,0;IMFOR00190/25;YNS;;;FCL;Entregue;754,97;2230,0;1115,0;114970,2;292586,33999999997;0,3385515695067265;0,006566658142718723
CAXU1908841;40';2,0;WMFIM251130;Newcom;;2025-03-11;FCL;Entregue;20,0;2230,0;1115,0;300,0;292586,33999999997;0,008968609865470852;0,06666666666666667
CAXU1938483;40';2,0;CMI24000436;YNS;2025-11-01;2025-04-02;nan;Entregue;2342,28;7739,29;3869,645;43530,49999999999;136637,55;0,3026479173154127;0,05380778994038664
CAXU1938483;40';2,0;CMI24000436;YNS;2025-11-01;2025-04-02;nan;Entregue;831,01;7739,29;3869,645;15444,0;136637,55;0,1073754827639228;0,05380795130795131
CAXU1938483;40';2,0;CMI24000436;YNS;2025-11-01;2025-04-02;nan;Entregue;1855,72;7739,29;3869,645;34488,0;136637,55;0,23977910118370033;0,05380770122941313
CAXU1938483;40';2,0;IMP-SEA80277/24;Everich;2025-05-01;2025-11-02;nan;Entregue;2540,06;7739,29;3869,645;40855,05;136637,55;0,328203233113115;0,06217248540878055
CAXU1938483;40';2,0;IMP-SEA80278/24;Everich;2025-05-01;2025-11-02;nan;Entregue;170,22;7739,29;3869,645;2320,0;136637,55;0,021994265623849218;0,07337068965517242
CAXU2161193;40';2,0;CMI25000529;Lanrun;;;FCL;Entregue;5660,44;5660,44;2830,22;101462,4;101462,4;1,0;0,05578854827009808
CAXU2694522;20';1,0;CMI24000413;Lanrun;2024-11-11;;nan;Entregue;459,8962849908079;459,8962849908079;459,8962849908079;6955,200000000001;6955,200000000001;1,0;0,06612265427174026
CAXU2839607;40';2,0;CMI24000400;Parisun;2025-02-03;2025-03-04;nan;Entregue;448,52;2409,83;1204,915;24850,0;85683,25;0,18612101268554213;0,018049094567404427
CAXU2839607;40';2,0;CMI25000454;Everich;2025-03-03;2025-02-04;nan;Entregue;166,14;2409,83;1204,915;5376,0;85683,25;0,06894262250864168;0,030904017857142856
CAXU2839607;40';2,0;WMFIM250697;YNS;2025-05-03;2025-03-04;nan;Entregue;1795,17;2409,83;1204,915;55457,25;85683,25;0,7449363648058163;0,032370339315418634
CAXU4117625;20';1,0;CMI25000620;Lanrun;2025-02-12;2026-03-01;FCL;Entregue;686,29;3136,29;3136,29;40075,2;199849,2;0,218822239014887;0,01712505489679403
CAXU4117625;20';1,0;CMI25000628;Lanrun;;;FCL;Entregue;1225,0;3136,29;3136,29;79398,0;199849,2;0,3905888804925565;0,015428600216630142
CAXU4117625;20';1,0;CMI25000628;Lanrun;;;FCL;Entregue;1225,0;3136,29;3136,29;80376,0;199849,2;0,3905888804925565;0,01524086792077237
CAXU5641923;20';1,0;IMP-02/12299;Shenzhen Ilinois;;;Aéreo;Pronto para Embarque;580,0;580,0;580,0;51412,0;51412,0;1,0;0,011281412899712129
CAXU6007072;20';1,0;CMI25000507;Everich;;;FCL;Entregue;3550,0;8340,58;8340,58;77710,35;238783,95;0,42562987226308;0,045682460573141154
CAXU6007072;20';1,0;CMI25000508;Everich;;;FCL;Entregue;676,97;8340,58;8340,58;29184,0;238783,95;0,08116581820448938;0,023196614583333334
CAXU6007072;20';1,0;CMI25000508;Everich;;;FCL;Entregue;1398,03;8340,58;8340,58;60268,8;238783,95;0,16761783952674753;0,023196579324625675
CAXU6007072;20';1,0;IMFOR00044/25;YNS;2025-04-06;2025-10-07;FCL;Entregue;2715,58;8340,58;8340,58;71620,8;238783,95;0,325586470005683;0,03791608024484507
CAXU6075395;20';1,0;IMFOR00029/26;AT Express;;;FCL;Desembaraço;1245,0;6225,0;6225,0;13243,0;66215,0;0,2;0,09401193083138262
CAXU6075395;20';1,0;IMFOR00031/26;AT Express;;;FCL;Desembaraço;1245,0;6225,0;6225,0;13243,0;66215,0;0,2;0,09401193083138262
CAXU6075395;20';1,0;IMFOR00031/26;AT Express;;;FCL;Desembaraço;1245,0;6225,0;6225,0;13243,0;66215,0;0,2;0,09401193083138262
CAXU6075395;20';1,0;IMFOR00031/26;AT Express;;;FCL;Desembaraço;1245,0;6225,0;6225,0;13243,0;66215,0;0,2;0,09401193083138262
CAXU6075395;20';1,0;IMFOR00031/26;AT Express;;;FCL;Desembaraço;1245,0;6225,0;6225,0;13243,0;66215,0;0,2;0,09401193083138262
CAXU6543670;20';1,0;WMFIM251077;YNS;2025-03-09;;FCL;Entregue;2452,22;7675,13;7675,13;74239,2;232359,12;0,31950208009506026;0,03303133654457483
CAXU6543670;20';1,0;WMFIM251077;YNS;2025-03-09;;FCL;Entregue;2779,51;7675,13;7675,13;84147,72;232359,12;0,3621450060129275;0,033031316831876135
CAXU6543670;20';1,0;WMFIM251077;YNS;2025-03-09;;FCL;Entregue;2443,4;7675,13;7675,13;73972,2;232359,12;0,31835291389201226;0,03303132798537829
CAXU7067228;40';2,0;1062407357;YNS;;;nan;Entregue;;3111,6;1555,8;33129,6;161506,72;;
CAXU7067228;40';2,0;1062407357;YNS;;;nan;Entregue;;3111,6;1555,8;39397,12;161506,72;;
CAXU7067228;40';2,0;GOC24066-5;YNS;;;nan;Entregue;;3111,6;1555,8;30240,0;161506,72;;
CAXU7067228;40';2,0;GOC24066-6;YNS;;;nan;Entregue;;3111,6;1555,8;30240,0;161506,72;;
CAXU7067228;40';2,0;GOC24093-1;Newcom;;;nan;Entregue;3111,6;3111,6;1555,8;28500,0;161506,72;1,0;0,10917894736842106
CAXU8099076;40';2,0;CMI25000500;Lanrun;;;FCL;Entregue;6711,45;9757,05;4878,525;101088,0;134073,0;0,6878564730118223;0,06639215337132004
CAXU8099076;40';2,0;IMP-02/9926;Shenzhen Ilinois;;;Aéreo;Entregue;446,63;9757,05;4878,525;7740,0;134073,0;0,04577510620525672;0,057704134366925064
CAXU8099076;40';2,0;WMFIM250955;YNS;2025-10-07;;FCL;Entregue;2598,97;9757,05;4878,525;25245,0;134073,0;0,26636842078292106;0,10294989106753812
CAXU9517169;40';2,0;CMI25000499;Lanrun;;;FCL;Entregue;1292,18;5153,75;2576,875;83667,2;195158,2;0,2507261702643706;0,015444284020500269
CAXU9517169;40';2,0;IMFOR00044/25;YNS;2025-04-06;2025-10-07;FCL;Entregue;3082,37;5153,75;2576,875;90935,0;195158,2;0,5980829493087557;0,03389640952328586
CAXU9517169;40';2,0;IMFOR00044/25;YNS;2025-04-06;2025-10-07;FCL;Entregue;779,2;5153,75;2576,875;20556,0;195158,2;0,15119088042687365;0,037906207433352795
CMAU4514944;20';1,0;IMP-SEA80243/24;AT Express;2024-12-12;2025-09-01;nan;Entregue;5352,647942791999;15016,13332469686;15016,13332469686;18122,0;93740,08;0,3564598040687719;0,2953673955850347
CMAU4514944;20';1,0;IMP-SEA80243/24;AT Express;2024-12-12;2025-09-01;nan;Entregue;6011,43538190486;15016,13332469686;15016,13332469686;20352,4;93740,08;0,4003317799541592;0,29536739558503466
CMAU4514944;20';1,0;WMFIMP-24/0605;Everich;2024-10-12;2025-12-01;nan;Entregue;2302,517659694045;15016,13332469686;15016,13332469686;34843,49999999999;93740,08;0,15333625573949325;0,06608169844286726
CMAU4514944;20';1,0;WMFIMP-24/0605;Everich;2024-10-12;2025-12-01;nan;Entregue;434,4541264126309;15016,13332469686;15016,13332469686;6574,5;93740,08;0,02893248994387185;0,06608169844286728
CMAU4514944;20';1,0;WMFIMP-24/0605;Everich;2024-10-12;2025-12-01;nan;Entregue;915,0782138933246;15016,13332469686;15016,13332469686;13847,680000000004;93740,08;0,06093967029370377;0,06608169844286728
CMAU4679591;20';1,0;CMI25000453;Everich;;2025-01-03;nan;Entregue;1515,14;3791,5200000000004;3791,5200000000004;27270,800000000003;68900,0;0,3996128201882095;0,055559059506871816
CMAU4679591;20';1,0;CMI25000453;Everich;;2025-01-03;nan;Entregue;1206,14;3791,5200000000004;3791,5200000000004;21709,2;68900,0;0,31811516225682573;0,05555893353969746
CMAU4679591;20';1,0;IMFOR00378/24;YNS;2025-08-02;;nan;Entregue;1070,24;3791,5200000000004;3791,5200000000004;19920,0;68900,0;0,2822720175549647;0,05372690763052209
CMAU5374922;20';1,0;WMFIM251340;Yushi HongKong;2026-08-01;2026-06-02;FCL;Entregue;679,79;1300,0;1300,0;36587,600000000006;69967,6;0,5229153846153846;0,018579792060698156
CMAU5374922;20';1,0;WMFIM251340;Yushi HongKong;2026-08-01;2026-06-02;FCL;Entregue;133,79;1300,0;1300,0;7200,0;69967,6;0,1029153846153846;0,018581944444444443
CMAU5374922;20';1,0;WMFIM251340;Yushi HongKong;2026-08-01;2026-06-02;FCL;Entregue;486,42;1300,0;1300,0;26180,0;69967,6;0,37416923076923075;0,01857983193277311
CMAU5661907;40';2,0;GOC24077-1;Dongguan Alljoyful;;2024-01-10;Aéreo;Entregue;;0,0;0,0;16635,0;29585,0;;
CMAU5661907;40';2,0;GOC24089-1;Dongguan Alljoyful;;2024-01-10;Aéreo;Entregue;;0,0;0,0;12950,0;29585,0;;
CMAU5781295;40';2,0;IMFOR00028/26;AT Express;;;FCL;Desembaraço;1245,0;4980,0;2490,0;13243,0;52972,0;0,25;0,09401193083138262
CMAU5781295;40';2,0;IMFOR00028/26;AT Express;;;FCL;Desembaraço;1245,0;4980,0;2490,0;13243,0;52972,0;0,25;0,09401193083138262
CMAU5781295;40';2,0;IMFOR00028/26;AT Express;;;FCL;Desembaraço;1245,0;4980,0;2490,0;13243,0;52972,0;0,25;0,09401193083138262
CMAU5781295;40';2,0;IMFOR00029/26;AT Express;;;FCL;Desembaraço;1245,0;4980,0;2490,0;13243,0;52972,0;0,25;0,09401193083138262
CMAU6770619;40';2,0;GOC24050-7;AT Express;2024-03-10;;FCL;Entregue;;0,0;0,0;18122,0;73878,4;;
CMAU6770619;40';2,0;GOC24050-8;AT Express;2024-03-10;;FCL;Entregue;;0,0;0,0;18122,0;73878,4;;
CMAU6770619;40';2,0;IMP-SEA80124/24;AT Express;2024-03-10;;FCL;Entregue;;0,0;0,0;19032,4;73878,4;;
CMAU6770619;40';2,0;IMP-SEA80124/24;AT Express;2024-03-10;;FCL;Entregue;;0,0;0,0;18602,0;73878,4;;
CMAU8106470;40';2,0;WMFIM251130;YNS;;2025-03-11;FCL;Entregue;2179,01;4407,67;2203,835;72130,24;145904,24;0,4943677725419553;0,030209382361683534
CMAU8106470;40';2,0;WMFIM251130;YNS;;2025-03-11;FCL;Entregue;539,96;4407,67;2203,835;17874,0;145904,24;0,12250463396760647;0,030209242475103506
CMAU8106470;40';2,0;WMFIM251130;YNS;;2025-03-11;FCL;Entregue;1688,7;4407,67;2203,835;55900,0;145904,24;0,3831275934904383;0,030209302325581396
CSNU2140194;20';1,0;CMI25000628;Lanrun;;;FCL;Entregue;442,53;3842,5299999999997;3842,5299999999997;36701,6;181671,6;0,11516630969699651;0,012057512479019988
CSNU2140194;20';1,0;WMFIM251299;Yushi HongKong;;;FCL;Entregue;374,8;3842,5299999999997;3842,5299999999997;19460,0;181671,6;0,09753990209575462;0,019260020554984585
CSNU2140194;20';1,0;WMFIM251299;Yushi HongKong;;;FCL;Entregue;1325,2;3842,5299999999997;3842,5299999999997;69300,0;181671,6;0,3448769430557472;0,019122655122655124
CSNU2140194;20';1,0;WMFIM251299;Yushi HongKong;;;FCL;Entregue;1700,0;3842,5299999999997;3842,5299999999997;56210,0;181671,6;0,44241684515150176;0,03024372887386586
CSNU2556017;40';2,0;GOC24018-1;Everich;;;FCL;Entregue;6950,0;24162,0;12081,0;67886,1;293288,1;0,28764175151063653;0,10237736443837545
CSNU2556017;40';2,0;GOC24040-3;Lanrun;;;FCL;Entregue;;24162,0;12081,0;79936,0;293288,1;;
CSNU2556017;40';2,0;GOC24044-3;YNS;;;FCL;Entregue;3125,0;24162,0;12081,0;53940,0;293288,1;0,12933531992384736;0,057934742306266225
CSNU2556017;40';2,0;GOC24050-3;AT Express;;;FCL;Entregue;7200,0;24162,0;12081,0;18122,0;293288,1;0,29798857710454435;0,3973071404922194
CSNU2556017;40';2,0;GOC24052-1;YNS;;;FCL;Entregue;6887,0;24162,0;12081,0;73404,0;293288,1;0,2850343514609718;0,09382322489237643
CSNU4539704;20';1,0;CMI25000448;Everich;;;nan;Entregue;5380,11;11336,79;11336,79;78366,48000000001;165131,2;0,47457084412783507;0,06865320478857796
CSNU4539704;20';1,0;CMI25000448;Everich;;;nan;Entregue;5956,68;11336,79;11336,79;86764,72;165131,2;0,5254291558721649;0,06865324984625087
CSNU4576135;20';1,0;CAI26002264;Yushi HongKong;;2026-01-02;Aéreo;Entregue;1854,72;2845,5;2845,5;540,0;54415,5;0,6518081180811808;3,4346666666666668
CSNU4576135;20';1,0;CMI26000643;Everich;;2026-05-03;FCL;Em Trânsito;0,33;2845,5;2845,5;24,0;54415,5;0,00011597258829731155;0,01375
CSNU4576135;20';1,0;CMI26000645;Everich;2026-05-02;;FCL;Em Trânsito;990,45;2845,5;2845,5;53851,5;54415,5;0,3480759093305219;0,018392245341355393
CSNU4668136;20';1,0;GOC24015-1;Parisun;2024-11-06;2024-12-07;FCL;Entregue;27450,0;33271,62;33271,62;176299,15;258701,19999999998;0,8250274558317268;0,15570126118021557
CSNU4668136;20';1,0;GOC24021-1;Newcom;;;nan;Entregue;3843,3;33271,62;33271,62;67800,0;258701,19999999998;0,11551286050994812;0,056685840707964605
CSNU4668136;20';1,0;GOC24054-1;BH Unit;2024-06-07;2024-12-07;nan;Entregue;693,0;33271,62;33271,62;12300,0;258701,19999999998;0,020828561999686218;0,05634146341463415
CSNU4668136;20';1,0;GOC24057-1;Newcom;2024-05-07;2024-09-07;nan;Entregue;1285,32;33271,62;33271,62;2302,05;258701,19999999998;0,0386311216586388;0,5583371342933472
CSNU4905582;40';2,0;CMI24000413;Lanrun;2024-11-11;;nan;Entregue;5640,1037150091925;5640,1037150091925;2820,0518575045962;85297,6;85297,6;1,0;0,06612265427174026
CSNU4965789;20';1,0;IMFOR00205/25;AT Express;;;FCL;Entregue;2500,0;10000,0;10000,0;13243,0;52972,0;0,25;0,18877897757305748
CSNU4965789;20';1,0;IMFOR00205/25;AT Express;;;FCL;Entregue;2500,0;10000,0;10000,0;13243,0;52972,0;0,25;0,18877897757305748
CSNU4965789;20';1,0;IMFOR00206/25;AT Express;;;FCL;Entregue;2500,0;10000,0;10000,0;13243,0;52972,0;0,25;0,18877897757305748
CSNU4965789;20';1,0;IMFOR00206/25;AT Express;;;FCL;Entregue;2500,0;10000,0;10000,0;13243,0;52972,0;0,25;0,18877897757305748
CSNU5918715;40';2,0;GOC24071-2;Everich;2024-10-10;;nan;Entregue;;0,0;0,0;41173,44;67133,44;;
CSNU5918715;40';2,0;GOC24072-1;Parisun;2024-10-10;;nan;Entregue;;0,0;0,0;25960,0;67133,44;;
CSNU5924115;40';2,0;CMI25000493;YNS;2025-06-05;2025-10-06;FCL;Entregue;1242,98;6320,360000000001;3160,1800000000003;84672,8;285096,7;0,19666284831876663;0,014679802722952353
CSNU5924115;40';2,0;WMFIA250786;Newcom;;;nan;Entregue;1129,12;6320,360000000001;3160,1800000000003;9000,0;285096,7;0,17864805169325795;0,12545777777777778
CSNU5924115;40';2,0;WMFIM250732;Everich;;;FCL;Entregue;1850,0;6320,360000000001;3160,1800000000003;66952,5;285096,7;0,2927048459264978;0,02763152981591427
CSNU5924115;40';2,0;WMFIM250794;Everich;2025-09-05;;FCL;Entregue;2098,26;6320,360000000001;3160,1800000000003;124471,4;285096,7;0,3319842540614775;0,01685736643116411
CSNU6672134;20';1,0;IMFOR00087/25;Parisun;2025-12-08;;FCL;Entregue;3489,87;9190,16;9190,16;42943,5;133001,5;0,3797398521897334;0,08126654790596947
CSNU6672134;20';1,0;IMFOR00087/25;Parisun;2025-12-08;;FCL;Entregue;1810,13;9190,16;9190,16;26418,0;133001,5;0,19696392663457438;0,06851881293057764
CSNU6672134;20';1,0;WMFIM251001;YNS;2025-07-08;2025-10-09;FCL;Entregue;3890,16;9190,16;9190,16;63640,0;133001,5;0,42329622117569227;0,06112759270898806
CSNU7089806;40';2,0;CMI25000524;Everich;;;FCL;Entregue;4600,0;13901,87;6950,935;97290,0;284716,8;0,33089073628224114;0,04728132387706856
CSNU7089806;40';2,0;CMI25000525;Lanrun;;;FCL;Entregue;4934,21;13901,87;6950,935;99840,0;284716,8;0,3549313869285211;0,049421173878205125
CSNU7089806;40';2,0;CMI25000525;Lanrun;;;FCL;Entregue;4115,79;13901,87;6950,935;83280,0;284716,8;0,29606017032240983;0,04942110951008646
CSNU7089806;40';2,0;CMI25000527;Everich;;2025-04-08;FCL;Entregue;251,87;13901,87;6950,935;4306,799999999999;284716,8;0,018117706466827845;0,058481935543791226
CSNU8106422;20';1,0;CMI26000666;Everich;2026-06-03;2026-11-04;FCL;Booking;;0,0;0,0;8993,0;72007,4;;
CSNU8106422;20';1,0;CMI26000666;Everich;2026-06-03;2026-11-04;FCL;Booking;;0,0;0,0;29376,0;72007,4;;
CSNU8106422;20';1,0;CMI26000666;Everich;2026-06-03;2026-12-04;FCL;Booking;;0,0;0,0;33638,4;72007,4;;
CSNU8231838;40';2,0;CMI25000592;Lanrun;2025-01-10;;FCL;Entregue;2250,0;5642,33;2821,165;101587,2;185312,7;0,3987714295335438;0,02214845964845965
CSNU8231838;40';2,0;WMFIM251130;YNS;;2025-03-11;FCL;Entregue;3392,33;5642,33;2821,165;83725,5;185312,7;0,6012285704664563;0,040517285653713625
CSNU9153566;40';2,0;CMI25000528;Everich;2025-05-07;2025-05-08;FCL;Entregue;6628,28;17515,66;8757,83;79522,5;164301,32;0,37842022510142354;0,08335100128894338
CSNU9153566;40';2,0;CMI25000528;Everich;2025-05-07;2025-05-08;FCL;Entregue;5391,14;17515,66;8757,83;64680,0;164301,32;0,3077897150321484;0,08335095856524428
CSNU9153566;40';2,0;IMFOR00066/25;AT Express;;2025-01-08;FCL;Entregue;5415,0;17515,66;8757,83;17461,82;164301,32;0,30915192462059665;0,3101051322256214
CSNU9153566;40';2,0;WMFIM250943;Newcom;2025-08-07;;LCL;Entregue;81,24;17515,66;8757,83;2637,0;164301,32;0,0046381352458314444;0,03080773606370876
CSNU9626108;40';2,0;CMI25000572;Everich;;2025-12-10;FCL;Entregue;1450,0;13944,54;6972,27;44614,5;252899,14;0,10398335118978468;0,03250064440932881
CSNU9626108;40';2,0;CMI25000572;Everich;;2025-12-10;FCL;Entregue;2900,0;13944,54;6972,27;85731,0;252899,14;0,20796670237956935;0,03382673711959501
CSNU9626108;40';2,0;IMFOR00116/25;AT Express;2025-09-09;2025-10-10;FCL;Entregue;3350,0;13944,54;6972,27;17461,82;252899,14;0,24023739757639906;0,19184712704632165
CSNU9626108;40';2,0;IMFOR00116/25;AT Express;2025-09-09;2025-10-10;FCL;Entregue;3350,0;13944,54;6972,27;17461,82;252899,14;0,24023739757639906;0,19184712704632165
CSNU9626108;40';2,0;WMFIM251077;YNS;2025-03-09;;FCL;Entregue;2894,54;13944,54;6972,27;87630,0;252899,14;0,2075751512778478;0,03303138194682186
FFAU1247595;40';2,0;IMFOR00206/25;AT Express;;;FCL;Entregue;2500,0;2500,0;1250,0;13243,0;13243,0;1,0;0,18877897757305748
FFAU1499914;20';1,0;GOC24012-2;Lanrun;;2024-06-07;FCL;Entregue;;2001,431;2001,431;95180,0;192657,8;;
FFAU1499914;20';1,0;GOC24012-3;Lanrun;;2024-06-07;FCL;Entregue;;2001,431;2001,431;61567,8;192657,8;;
FFAU1499914;20';1,0;GOC24014-2;Newcom;2024-03-06;2024-09-07;FCL;Entregue;;2001,431;2001,431;5000,0;192657,8;;
FFAU1499914;20';1,0;GOC24027-1;Newcom;2024-08-06;2024-07-07;FCL;Entregue;206,911;2001,431;2001,431;15784,999999999998;192657,8;0,10338153051491658;0,013108077288565095
FFAU1499914;20';1,0;GOC24048-1;YNS;2024-06-06;2024-06-07;LCL;Entregue;1794,52;2001,431;2001,431;15125,0;192657,8;0,8966184694850834;0,11864595041322314
FFAU1841248;40';2,0;WMFIM251276;YNS;2025-10-12;;FCL;Entregue;505,1531;505,1531;252,57655;20286,0;20286,0;1,0;0,024901562654047128
FFAU2022698;20';1,0;CMI25000620;Lanrun;2025-02-12;2026-03-01;FCL;Entregue;738,71;2283,2200000000003;2283,2200000000003;43136,0;120768,7;0,32353868659174323;0,01712513909495549
FFAU2022698;20';1,0;CMI25000622;Everich;2025-04-12;2026-08-01;FCL;Entregue;874,21;2283,2200000000003;2283,2200000000003;44358,9;120768,7;0,3828846979266124;0,019707657313413993
FFAU2022698;20';1,0;CMI25000622;Everich;2025-04-12;2026-08-01;FCL;Entregue;227,95;2283,2200000000003;2283,2200000000003;11566,8;120768,7;0,09983707220504374;0,0197072656222983
FFAU2022698;20';1,0;CMI25000622;Everich;2025-04-12;2026-08-01;FCL;Entregue;397,84;2283,2200000000003;2283,2200000000003;20187,0;120768,7;0,17424514501449703;0,0197077326992619
FFAU2022698;20';1,0;IMP-02/11127 / IMP-02/11186;Shenzhen Ilinois;;;Aéreo;Entregue;44,51;2283,2200000000003;2283,2200000000003;1520,0;120768,7;0,01949439826210352;0,029282894736842105
FFAU2191066;40';2,0;CMI25000558;Everich;;2025-03-10;FCL;Entregue;3075,0;10975,0;5487,5;93043,2;289348,39;0,28018223234624146;0,033049164259182834
FFAU2191066;40';2,0;WMFIM251039;YNS;;;FCL;Entregue;53,12;10975,0;5487,5;1320,0;289348,39;0,00484009111617312;0,04024242424242424
FFAU2191066;40';2,0;WMFIM251039;YNS;;;FCL;Entregue;3795,88;10975,0;5487,5;94322,95;289348,39;0,34586605922551256;0,040243440223190645
FFAU2191066;40';2,0;WMFIM251039;YNS;;;FCL;Entregue;1662,46;10975,0;5487,5;41310,0;289348,39;0,15147699316628702;0,04024352457032196
FFAU2191066;40';2,0;WMFIM251039;YNS;;;FCL;Entregue;2388,54;10975,0;5487,5;59352,24;289348,39;0,21763462414578588;0,0402434684857724
FFAU4823498;40';2,0;GOC24041-2;Ansheng;;2024-01-12;nan;Entregue;;7160,0;3580,0;36686,4;136097,59999999998;;
FFAU4823498;40';2,0;GOC24105-1/GOC24070-4;Lanrun;;2024-04-12;nan;Entregue;6981,524335286165;7160,0;3580,0;96933,2;136097,59999999998;0,9750732311852186;0,07202407776990923
FFAU4823498;40';2,0;GOC24105-1/GOC24070-4;Lanrun;;2024-04-12;nan;Entregue;178,47566471383504;7160,0;3580,0;2478,0;136097,59999999998;0,024926768814781432;0,07202407776990923
FFAU4860684;40';2,0;CMI25000549;Lanrun;2025-06-08;2025-02-09;FCL;Entregue;5896,1;21430,940000000002;10715,470000000001;101496,0;357846,0;0,27512092330061116;0,05809194451012848
FFAU4860684;40';2,0;CMI25000553;Lanrun;;;FCL;Entregue;4300,0;21430,940000000002;10715,470000000001;79326,0;357846,0;0,20064448876250876;0,054206691374832965
FFAU4860684;40';2,0;IMFOR00090/25;Newcom;2025-07-08;;FCL;Entregue;600,61;21430,940000000002;10715,470000000001;9000,0;357846,0;0,02802536892922102;0,06673444444444444
FFAU4860684;40';2,0;IMFOR00090/25;Newcom;2025-07-08;;FCL;Entregue;4324,39;21430,940000000002;10715,470000000001;64800,0;357846,0;0,20178256296737335;0,06673441358024691
FFAU4860684;40';2,0;WMFIM251001;YNS;2025-07-08;2025-10-09;FCL;Entregue;6309,84;21430,940000000002;10715,470000000001;103224,0;357846,0;0,2944266560402857;0,06112764473378284
FFAU5614226;40';2,0;GOC23031-6;Lanrun;;;nan;Entregue;3100,0;6200,0;3100,0;103803,60000000002;207053,60000000003;0,5;0,029864089492079266
FFAU5614226;40';2,0;GOC23031-7;Lanrun;;;nan;Entregue;3100,0;6200,0;3100,0;103250,0;207053,60000000003;0,5;0,03002421307506053
FFAU6022741;40';2,0;IMFOR00032/26;AT Express;;2026-01-03;FCL;Desembaraço;1245,0;4980,0;2490,0;13243,0;52972,0;0,25;0,09401193083138262
FFAU6022741;40';2,0;IMFOR00032/26;AT Express;;2026-01-03;FCL;Desembaraço;1245,0;4980,0;2490,0;13243,0;52972,0;0,25;0,09401193083138262
FFAU6022741;40';2,0;IMFOR00032/26;AT Express;;2026-01-03;FCL;Desembaraço;1245,0;4980,0;2490,0;13243,0;52972,0;0,25;0,09401193083138262
FFAU6022741;40';2,0;IMFOR00033/26;AT Express;;2026-01-03;FCL;Desembaraço;1245,0;4980,0;2490,0;13243,0;52972,0;0,25;0,09401193083138262
FFAU7550190;20';1,0;CMI25000617;Lanrun;;;FCL;Entregue;2200,0;4400,0;4400,0;94912,4;174862,4;0,5;0,023179268462287333
FFAU7550190;20';1,0;CMI25000617;Lanrun;;;FCL;Entregue;2200,0;4400,0;4400,0;79950,0;174862,4;0,5;0,027517198248905566
FFAU7754864;40';2,0;IMFOR00194/25;AT Express;2025-04-10;;FCL;Entregue;2300,0;7125,719999999999;3562,8599999999997;13243,0;46409,0;0,3227744003412989;0,17367665936721285
FFAU7754864;40';2,0;IMFOR00194/25;AT Express;2025-04-10;;FCL;Entregue;2300,0;7125,719999999999;3562,8599999999997;13243,0;46409,0;0,3227744003412989;0,17367665936721285
FFAU7754864;40';2,0;IMFOR00194/25;AT Express;2025-04-10;;FCL;Entregue;2300,0;7125,719999999999;3562,8599999999997;13243,0;46409,0;0,3227744003412989;0,17367665936721285
FFAU7754864;40';2,0;WMFIM251142;YNS;2025-08-10;2025-11-11;FCL;Entregue;225,72;7125,719999999999;3562,8599999999997;6680,0;46409,0;0,03167679897610347;0,033790419161676646
FFAU8688755;40';2,0;CMI25000639;Lanrun;;;FCL;Desembaraço;46,23;2555,03;1277,515;3234,0;177027,3;0,018093721013060508;0,014294990723562152
FFAU8688755;40';2,0;CMI26000642;Lanrun;;;FCL;Desembaraço;1250,0;2555,03;1277,515;87932,8;177027,3;0,48923104621080765;0,014215400851559373
FFAU8688755;40';2,0;CMI26000642;Lanrun;;;FCL;Desembaraço;1250,0;2555,03;1277,515;80376,0;177027,3;0,48923104621080765;0,015551906041604458
FFAU8688755;40';2,0;CMI26000643;Everich;;2026-05-03;FCL;Em Trânsito;4,62;2555,03;1277,515;342,0;177027,3;0,0018081979467951452;0,013508771929824562
FFAU8688755;40';2,0;WMFIM261360;Ningbo Toprank;;2026-05-03;LCL;Em Trânsito;4,18;2555,03;1277,515;5142,5;177027,3;0,0016359886185289406;0,0008128342245989304
GESU1852264;40';2,0;CMI26000660;Everich;2026-06-03;2026-12-04;FCL;Booking;135,71;276,37;138,185;8526,0;14092,5;0,4910446141042805;0,015917194463992493
GESU1852264;40';2,0;CMI26000667;Lanrun;2026-06-03;2026-12-04;FCL;Booking;97,94;276,37;138,185;3876,0;14092,5;0,3543799978289973;0,02526831785345717
GESU1852264;40';2,0;CMI26000667;Lanrun;2026-06-03;2026-12-04;FCL;Booking;42,72;276,37;138,185;1690,5;14092,5;0,15457538806672214;0,025270629991126885
GESU2936571;40';2,0;IMFOR00054/26;Parisun;2026-01-02;;FCL;Em Trânsito;1196,55;5329,82;2664,91;39657,36;296883,06;0,22450101504366002;0,030172205108963377
GESU2936571;40';2,0;IMFOR00054/26;Parisun;2026-01-02;;FCL;Em Trânsito;48,45;5329,82;2664,91;1606,0;296883,06;0,0090903632768086;0,030168119551681197
GESU2936571;40';2,0;WMFIM261418;Yiwu Runhui;;;FCL;Em Trânsito;3000,0;5329,82;2664,91;195655,0;296883,06;0,5628707911336593;0,015333111855050983
GESU2936571;40';2,0;WMFIM261433;Yushi HongKong;2026-02-03;2026-03-04;FCL;Booking;1084,82;5329,82;2664,91;59964,7;296883,06;0,2035378305458721;0,018090976858051486
GESU4652414;20';1,0;CMI25000614;Everich;;;FCL;Entregue;1,28;1,28;1,28;64,0;64,0;1,0;0,02
GESU5727085;20';1,0;CMI26000655;Everich;2026-05-02;2026-09-04;FCL;Em Trânsito;1,47;1496,71;1496,71;103,2;135786,65;0,0009821541915267487;0,014244186046511627
GESU5727085;20';1,0;CMI26000666;Everich;2026-06-03;2026-11-04;FCL;Booking;;1496,71;1496,71;414,0;135786,65;;
GESU5727085;20';1,0;CMI26000666;Everich;2026-06-03;2026-12-04;FCL;Booking;;1496,71;1496,71;74581,8;135786,65;;
GESU5727085;20';1,0;CMI26000670;Wenzhou Yuanfei;2026-06-03;2026-12-04;FCL;Booking;1080,0;1496,71;1496,71;37935,65;135786,65;0,7215826713257745;0,028469263081033275
GESU5727085;20';1,0;WMFIM261369;Yushi HongKong;;;FCL;Desembaraço;415,24;1496,71;1496,71;22752,0;135786,65;0,2774351744826987;0,018250703234880452
GESU8096887;40';2,0;CMI25000614;Everich;;;FCL;Entregue;104,47;1571,13;785,565;5218,5;49005,3;0,06649354286405326;0,020019162594615312
GESU8096887;40';2,0;CMI25000618;Everich;;;FCL;Entregue;733,33;1571,13;785,565;17305,2;49005,3;0,46675322856797336;0,04237627996209232
GESU8096887;40';2,0;CMI25000618;Everich;;;FCL;Entregue;733,33;1571,13;785,565;26481,6;49005,3;0,46675322856797336;0,027692057881698994
GESU8633773;20';1,0;CMI25000614;Everich;;;FCL;Entregue;197,03;6932,11;6932,11;9841,92;130530,92;0,02842280344656966;0,020019467746130837
GESU8633773;20';1,0;WMFIA251218;Sanfeng;;;Aéreo;Entregue;5275,08;6932,11;6932,11;13400,0;130530,92;0,7609631122414388;0,3936626865671642
GESU8633773;20';1,0;WMFIM251213;YNS;;;FCL;Entregue;1050,0;6932,11;6932,11;55881,0;130530,92;0,15146903323807615;0,018789928598271326
GESU8633773;20';1,0;WMFIM251253;Sanfeng;2025-07-12;2026-09-01;LCL;Entregue;410,0;6932,11;6932,11;51408,0;130530,92;0,05914505107391545;0,007975412387177094
GESU8761611;20';1,0;CMI25000599;Everich;;;FCL;Entregue;186,15;5186,15;5186,15;6832,799999999999;185082,3;0,035893678354848975;0,027243589743589747
GESU8761611;20';1,0;WMFIM251164;YNS;;;FCL;Entregue;2500,0;5186,15;5186,15;81396,0;185082,3;0,48205316082257554;0,0307140400019657
GESU8761611;20';1,0;WMFIM251164;YNS;;;FCL;Entregue;2500,0;5186,15;5186,15;96853,5;185082,3;0,48205316082257554;0,025812180251617134
GESU9852897;40';2,0;WMFIM250955;YNS;2025-10-07;;FCL;Entregue;5257,61;6245,929999999999;3122,9649999999997;51069,5;60669,5;0,8417657578615194;0,10295009741626607
GESU9852897;40';2,0;WMFIM250955;YNS;2025-10-07;;FCL;Entregue;988,32;6245,929999999999;3122,9649999999997;9600,0;60669,5;0,1582342421384806;0,10295
HLXU1192619;20';1,0;WMFIM250760;YNS;;;FCL;Entregue;301,74;301,74;301,74;16920,0;16920,0;1,0;0,017833333333333333
HLXU2344047;40';2,0;CMI25000629;Everich;;;FCL;Entregue;847,65;4135,0;2067,5;48591,0;215937,0;0,20499395405078596;0,01744458850404396
HLXU2344047;40';2,0;CMI25000629;Everich;;;FCL;Entregue;377,35;4135,0;2067,5;21631,2;215937,0;0,09125755743651753;0,017444709493694293
HLXU2344047;40';2,0;CMI25000631;Lanrun;;;FCL;Entregue;1225,0;4135,0;2067,5;92556,4;215937,0;0,2962515114873035;0,013235173364564742
HLXU2344047;40';2,0;IMFOR00254/25;Parisun;;;FCL;Entregue;1641,57;4135,0;2067,5;51788,4;215937,0;0,39699395405078597;0,031697638853488426
HLXU2344047;40';2,0;IMFOR00254/25;Parisun;;;FCL;Entregue;43,43;4135,0;2067,5;1370,0;215937,0;0,010503022974607014;0,0317007299270073
HLXU2785277;40';2,0;WMFIA250863;Sanfeng;;2025-06-06;Aéreo;Entregue;2730,0;2730,0;1365,0;8685,0;8685,0;1,0;0,3143350604490501
HLXU3094235;40';2,0;GOC24079-1;Newcom;2024-10-10;;nan;Entregue;;0,0;0,0;24000,0;43050,0;;
HLXU3094235;40';2,0;GOC24083-1;Yiwu Runhui;2024-05-10;2024-12-11;LCL;Entregue;;0,0;0,0;19050,0;43050,0;;
HLXU3770370;20';1,0;WMFIM250955;YNS;2025-10-07;;FCL;Entregue;551,81;4505,09;4505,09;5360,0;43760,0;0,1224858992828112;0,10294962686567163
HLXU3770370;20';1,0;WMFIM250955;YNS;2025-10-07;;FCL;Entregue;3953,28;4505,09;4505,09;38400,0;43760,0;0,8775141007171888;0,10295
HLXU3997281;20';1,0;CMI25000468;Everich;;;FCL;Entregue;270,72;5040,5599999999995;5040,5599999999995;9659,249999999998;23411,25;0,05370831812338313;0,028027020731423255
HLXU3997281;20';1,0;IMP 02/9333;Dacen;;;Aéreo;Entregue;1975,84;5040,5599999999995;5040,5599999999995;4400,0;23411,25;0,39198819178821404;0,44905454545454543
HLXU3997281;20';1,0;WMFIA250862;Sanfeng;;2025-06-06;Aéreo;Entregue;2794,0;5040,5599999999995;5040,5599999999995;9352,000000000002;23411,25;0,554303490088403;0,298759623609923
HLXU4335942;20';1,0;GOC24012-7;Lanrun;;;FCL;Entregue;;7952,16;7952,16;60740,0;128817,5;;
HLXU4335942;20';1,0;GOC24030-1;YNS;;;FCL;Entregue;7779,91;7952,16;7952,16;63577,5;128817,5;0,9783392185267902;0,12236891982226417
HLXU4335942;20';1,0;GOC24037-1;Everich;;;FCL;Entregue;172,25;7952,16;7952,16;4500,0;128817,5;0,021660781473209795;0,03827777777777778
HLXU5107245;40';2,0;CMI24000427;Newcom;;;nan;Entregue;158,4;13225,42;6612,71;8190,0;80029,6;0,01197693532606148;0,01934065934065934
HLXU5107245;40';2,0;IMFOR00365/24;YNS;2025-05-01;;nan;Entregue;1667,02;13225,42;6612,71;26936,0;80029,6;0,12604665863163514;0,061888179388179386
HLXU5107245;40';2,0;IMP-02/8320;BH Unit;;;nan;Entregue;0,0;13225,42;6612,71;8490,0;80029,6;0,0;0,0
HLXU5107245;40';2,0;IMP-SEA80246/24;AT Express;;;nan;Entregue;5673,451677395259;13225,42;6612,71;18122,0;80029,6;0,4289808321698108;0,31306984203704114
HLXU5107245;40';2,0;IMP-SEA80246/24;AT Express;;;nan;Entregue;5726,548322604741;13225,42;6612,71;18291,6;80029,6;0,4329955738724926;0,31306984203704114
HLXU5218028;40';2,0;CMI25000491;SINOVOE;;;FCL;Entregue;6800,0;12866,92;6433,46;58968,0;283228,0;0,5284870038828251;0,11531678198344865
HLXU5218028;40';2,0;WMFIM250769;Shenzhen Zhenxin;;;Aéreo;Entregue;3506,92;12866,92;6433,46;97500,0;283228,0;0,2725531828906996;0,03596841025641026
HLXU5218028;40';2,0;WMFIM250770;Yiwu Runhui;;2025-04-06;FCL;Entregue;2560,0;12866,92;6433,46;126760,0;283228,0;0,19895981322647532;0,020195645313979174
HLXU5449324;20';1,0;WMFIM261369;Yushi HongKong;;;FCL;Desembaraço;300,71;3000,0;3000,0;20448,0;183598,0;0,10023666666666665;0,014706083724569639
HLXU5449324;20';1,0;WMFIM261369;Yushi HongKong;;;FCL;Desembaraço;848,28;3000,0;3000,0;57682,0;183598,0;0,28276;0,014706147498353039
HLXU5449324;20';1,0;WMFIM261369;Yushi HongKong;;;FCL;Desembaraço;351,01;3000,0;3000,0;23868,0;183598,0;0,11700333333333333;0,014706301323948382
HLXU5449324;20';1,0;WMFIM261369;Yushi HongKong;;;FCL;Desembaraço;1500,0;3000,0;3000,0;81600,0;183598,0;0,5;0,01838235294117647
HLXU9196204;40';2,0;CMI26000667;Lanrun;2026-06-03;2026-12-04;FCL;Booking;2481,19;5143,945;2571,9725;78136,4;186664,97999999998;0,48235158035321146;0,031754598369005994
HLXU9196204;40';2,0;CMI26000667;Lanrun;2026-06-03;2026-12-04;FCL;Booking;14,49;5143,945;2571,9725;456,0;186664,97999999998;0,0028169041465256725;0,03177631578947369
HLXU9196204;40';2,0;CMI26000667;Lanrun;2026-06-03;2026-12-04;FCL;Booking;1359,715;5143,945;2571,9725;53808,0;186664,97999999998;0,26433311398158416;0,02526975542670235
HLXU9196204;40';2,0;CMI26000667;Lanrun;2026-06-03;2026-12-04;FCL;Booking;999,62;5143,945;2571,9725;39558,0;186664,97999999998;0,1943294494789505;0,025269730522271095
HLXU9196204;40';2,0;WMFIM261433;Yushi HongKong;2026-02-03;2026-03-04;FCL;Booking;288,93;5143,945;2571,9725;14706,580000000002;186664,97999999998;0,05616895203972827;0,019646307979149468
HLXU9897858;20';1,0;02/9596;Dacen;2025-02-07;2025-04-07;Aéreo;Entregue;20540,59;30976,06;30976,06;89040,0;220967,0;0,6631117708320554;0,23068946540880503
HLXU9897858;20';1,0;CAI25002028;ISMILE;2025-08-06;2025-10-06;Aéreo;Entregue;2178,5;30976,06;30976,06;12000,0;220967,0;0,0703285053037733;0,18154166666666666
HLXU9897858;20';1,0;CMI25000517;Everich;;2025-06-08;FCL;Entregue;1806,97;30976,06;30976,06;37847,0;220967,0;0,0583344040526781;0,047744074827595316
HLXU9897858;20';1,0;WMFIM250929;YNS;;2025-07-08;FCL;Entregue;6450,0;30976,06;30976,06;82080,0;220967,0;0,20822531981149311;0,07858187134502924
HLXU9910817;40';2,0;IMFOR00243/25;AT Express;;;FCL;Entregue;1850,0;7860,2366999999995;3930,1183499999997;12601,5;76231,74;0,23536186893710212;0,14680791969210014
HLXU9910817;40';2,0;IMFOR00243/25;AT Express;;;FCL;Entregue;1850,0;7860,2366999999995;3930,1183499999997;16719,5;76231,74;0,23536186893710212;0,11064924190316697
HLXU9910817;40';2,0;IMFOR00257/25;AT Express;;;FCL;Entregue;1850,0;7860,2366999999995;3930,1183499999997;15827,0;76231,74;0,23536186893710212;0,11688886080748088
HLXU9910817;40';2,0;IMFOR00257/25;AT Express;;;FCL;Entregue;1850,0;7860,2366999999995;3930,1183499999997;12601,5;76231,74;0,23536186893710212;0,14680791969210014
HLXU9910817;40';2,0;WMFIM251276;YNS;2025-10-12;;FCL;Entregue;460,2367;7860,2366999999995;3930,1183499999997;18482,24;76231,74;0,05855252425159156;0,024901564961822806
HMUU2622631;20';1,0;GOC24050-6;AT Express;2024-03-10;;FCL;Entregue;;17041,0;17041,0;18752,4;211196,6;;
HMUU2622631;20';1,0;GOC24051-2;YNS;;;FCL;Entregue;3125,0;17041,0;17041,0;5460,0;211196,6;0,18338125696848775;0,5723443223443223
HMUU2622631;20';1,0;GOC24070-2;Lanrun;2024-03-10;;FCL;Entregue;6966,0;17041,0;17041,0;103555,2;211196,6;0,40877882753359546;0,067268471308056
HMUU2622631;20';1,0;GOC24070-3;Lanrun;2024-03-10;;FCL;Entregue;6950,0;17041,0;17041,0;81760,0;211196,6;0,4078399154979168;0,08500489236790607
HMUU2622631;20';1,0;GOC24080-1;Everich;;;nan;Entregue;;17041,0;17041,0;1669,0;211196,6;;
HMUU3011363;40';2,0;CMI25000628;Lanrun;;;FCL;Entregue;10,51;2082,4700000000003;1041,2350000000001;871,2;97155,6;0,005046891431809341;0,012063820018365472
HMUU3011363;40';2,0;CMI25000628;Lanrun;;;FCL;Entregue;771,96;2082,4700000000003;1041,2350000000001;64022,40000000001;97155,6;0,37069441576589335;0,012057654820812714
HMUU3011363;40';2,0;WMFIM251312;Yiwu Runhui;2026-02-01;2026-06-02;FCL;Entregue;1300,0;2082,4700000000003;1041,2350000000001;32262,0;97155,6;0,6242586928022972;0,040295083999752034
HMUU3195773;20';1,0;WMFIM251349-A;Yushi HongKong;;;FCL;Desembaraço;621,93;1400,0;1400,0;21456,0;45698,5;0,44423571428571423;0,028986297539149886
HMUU3195773;20';1,0;WMFIM251349-A;Yushi HongKong;;;FCL;Desembaraço;778,07;1400,0;1400,0;24242,5;45698,5;0,5557642857142857;0,03209528720222749
HMUU3653446;40';2,0;CMI25000493;YNS;2025-06-05;2025-10-06;FCL;Entregue;1320,84;2620,84;1310,42;88902,0;182528,0;0,5039758245448024;0,01485725855436323
HMUU3653446;40';2,0;CMI25000494;YNS;2025-06-05;2025-10-06;FCL;Entregue;1300,0;2620,84;1310,42;93626,0;182528,0;0,49602417545519756;0,013885031935573451
HMUU4078418;20';1,0;CMI25000502;Lanrun;;;FCL;Entregue;2250,0;5750,0;5750,0;82398,4;182212,8;0,391304347826087;0,02730635546321288
HMUU4078418;20';1,0;CMI25000588;Everich;2025-09-10;2025-09-11;FCL;Entregue;1250,0;5750,0;5750,0;648,0;182212,8;0,21739130434782608;1,9290123456790123
HMUU4078418;20';1,0;CMI25000594;Lanrun;2025-09-10;2025-09-11;FCL;On Hold;2250,0;5750,0;5750,0;99166,4;182212,8;0,391304347826087;0,02268913664305652
HMUU5491946;40';2,0;CMI25000448;Everich;;;nan;Entregue;3500,99;9329,86;4664,93;50995,2;110408,5;0,3752457164416186;0,06865332423443775
HMUU5491946;40';2,0;CMI25000448;Everich;;;nan;Entregue;1404,87;9329,86;4664,93;20463,3;110408,5;0,15057782217525234;0,06865314978522526
HMUU5491946;40';2,0;IMP-SEA80263/24;Yiwu Runhui;2025-06-01;2025-12-02;nan;Entregue;4424,0;9329,86;4664,93;38950,0;110408,5;0,47417646138312897;0,11358151476251604
HMUU5528972;40';2,0;CMI24000435;Dongguan Alljoyful;2025-07-01;;nan;Entregue;4800,0;14442,11;7221,055;51079,0;229872,8;0,3323614070243198;0,09397208246050236
HMUU5528972;40';2,0;CMI24000446;Lanrun;2025-03-01;;nan;Entregue;4357,11;14442,11;7221,055;91450,0;229872,8;0,30169483544994463;0,04764472389283761
HMUU5528972;40';2,0;IMFOR00368/24;YNS;2025-05-01;;nan;Entregue;3055,96;14442,11;7221,055;50505,0;229872,8;0,2116006594604251;0,06050806850806851
HMUU5528972;40';2,0;IMFOR00368/24;YNS;2025-05-01;;nan;Entregue;2229,04;14442,11;7221,055;36838,8;229872,8;0,15434309806531038;0,06050794271257478
HMUU5663623;40';2,0;CMI24000419;Parisun;;;nan;Entregue;5750,0;11650,0;5825,0;53240,0;295618,0;0,49356223175965663;0,1080015026296018
HMUU5663623;40';2,0;IMP-SEA80222/24;YNS;;;nan;Entregue;2568,112328587363;11650,0;5825,0;53072,0;295618,0;0,2204388264881857;0,048389213306213506
HMUU5663623;40';2,0;IMP-SEA80222/24;YNS;;;nan;Entregue;3331,887671412637;11650,0;5825,0;68856,0;295618,0;0,2859989417521577;0,0483892133062135
HMUU5663623;40';2,0;nan;Lanrun;;;nan;Entregue;;11650,0;5825,0;120450,0;295618,0;;
HMUU7264956;40';2,0;CMI25000540;Everich;;;FCL;Entregue;6450,0;13407,47;6703,735;90333,0;202896,1;0,4810751021631971;0,07140247749991697
HMUU7264956;40';2,0;CMI25000543;Everich;;;LCL;Entregue;126,4;13407,47;6703,735;1327,0;202896,1;0,009427580296655523;0,09525244913338357
HMUU7264956;40';2,0;WMFIM250989;YNS;;;FCL;Entregue;481,07;13407,47;6703,735;7833,599999999999;202896,1;0,035880744092658796;0,06141110089869281
HMUU7264956;40';2,0;WMFIM250989;YNS;;;FCL;Entregue;6350,0;13407,47;6703,735;103402,5;202896,1;0,47361657344748864;0,06141050748289451
HMUU7402509;40';2,0;CMI25000468;Everich;;;FCL;Entregue;1053,03;8763,029999999999;4381,514999999999;37572,240000000005;163397,44;0,12016733937918735;0,028026809154844103
HMUU7402509;40';2,0;IMFOR00009/25;Gocase Int Coöperatief U.A.;2025-02-05;;LCL;Entregue;25,0;8763,029999999999;4381,514999999999;12856,2;163397,44;0,0028528944896913516;0,001944587047494594
HMUU7402509;40';2,0;IMFOR00027/25;YNS;2025-01-04;2025-07-05;FCL;Entregue;2085,0;8763,029999999999;4381,514999999999;76725,0;163397,44;0,2379314004402587;0,027174975562072337
HMUU7402509;40';2,0;IMP-SEA90075/25;AT Express;;2025-09-06;FCL;Entregue;2800,0;8763,029999999999;4381,514999999999;18122,0;163397,44;0,3195241828454314;0,15450833241364087
HMUU7402509;40';2,0;IMP-SEA90075/25;AT Express;;2025-09-06;FCL;Entregue;2800,0;8763,029999999999;4381,514999999999;18122,0;163397,44;0,3195241828454314;0,15450833241364087
HMUU8698256;40';2,0;CMI24000431;Lanrun;;;nan;Entregue;5350,0;13588,81;6794,405;85117,2;224611,2;0,3937062921624484;0,06285451119162755
HMUU8698256;40';2,0;CMI25000450;Lanrun;;;nan;Entregue;5258,84;13588,81;6794,405;84214,0;224611,2;0,38699783130384485;0,062446149096349775
HMUU8698256;40';2,0;IMFOR00377/24;YNS;;;nan;Entregue;2979,97;13588,81;6794,405;55280,0;224611,2;0,21929587653370677;0,053906837916063675
HMUU8835373;20';1,0;CMI25000594;Lanrun;2025-09-10;2025-09-11;FCL;Entregue;2250,0;2250,0;2250,0;88856,0;88856,0;1,0;0,02532186909156388
HMUU9770838;20';1,0;WMFIM251339;YNS;2026-10-01;;FCL;Liberado SEFAZ;384,54;2518,62;2518,62;23814,0;161644,16;0,15267884794053888;0,01614764424288234
HMUU9770838;20';1,0;WMFIM251339;YNS;2026-10-01;;FCL;Liberado SEFAZ;834,08;2518,62;2518,62;51652,56;161644,16;0,33116547950861985;0,01614789276659279
HMUU9770838;20';1,0;WMFIM251340;Yushi HongKong;2026-08-01;2026-06-02;FCL;Entregue;1300,0;2518,62;2518,62;86177,6;161644,16;0,5161556725508414;0,01508512652939975
MSCU1538552;40';2,0;GOC24106;Heyin;2025-10-01;2025-11-02;nan;Entregue;4571,0;18971,0;9485,5;188150,0;294093,9;0,24094670813346686;0,024294445920807865
MSCU1538552;40';2,0;IMFOR00361/24;Everich;2025-09-01;;nan;Entregue;2304,0;18971,0;9485,5;53529,600000000006;294093,9;0,1214485266986453;0,0430416068866571
MSCU1538552;40';2,0;IMFOR00361/24;Everich;2025-09-01;;nan;Entregue;696,0;18971,0;9485,5;16170,3;294093,9;0,0366875757735491;0,043041873063579525
MSCU1538552;40';2,0;IMP-SEA80245/24;AT Express;2025-06-01;2025-04-02;nan;Entregue;5700,0;18971,0;9485,5;18122,0;294093,9;0,30045859469716935;0,3145348195563404
MSCU1538552;40';2,0;IMP-SEA80245/24;AT Express;2025-06-01;2025-04-02;nan;Entregue;5700,0;18971,0;9485,5;18122,0;294093,9;0,30045859469716935;0,3145348195563404
MSCU1971823;40';2,0;CMI25000527;Everich;;2025-04-08;FCL;Entregue;4269,95;21848,29;10924,145;73014,3;292588,82;0,19543634765009069;0,05848100988436511
MSCU1971823;40';2,0;CMI25000527;Everich;;2025-04-08;FCL;Entregue;647,51;21848,29;10924,145;11072,2;292588,82;0,029636644332348205;0,058480699409331476
MSCU1971823;40';2,0;CMI25000527;Everich;;2025-04-08;FCL;Entregue;5793,83;21848,29;10924,145;99072,0;292588,82;0,26518459797082516;0,058481003714470285
MSCU1971823;40';2,0;IMFOR00066/25;AT Express;;2025-01-08;FCL;Entregue;5415,0;21848,29;10924,145;17461,82;292588,82;0,2478454835595829;0,3101051322256214
MSCU1971823;40';2,0;WMFIM250924;YNS;;;FCL;Entregue;5722,0;21848,29;10924,145;91968,5;292588,82;0,261896926487153;0,06221695471819155
MSCU2130789;20';1,0;CMI25000501;Lanrun;;2025-03-10;FCL;Entregue;2781,82;6150,0;6150,0;81815,59999999999;180876,4;0,4523284552845529;0,03400109514566905
MSCU2130789;20';1,0;CMI25000501;Lanrun;;2025-03-10;FCL;Entregue;3368,18;6150,0;6150,0;99060,8;180876,4;0,5476715447154471;0,03400113869461987
MSCU2264748;20';1,0;CMI25000606;Everich;2025-03-11;;FCL;Entregue;36,44;36,44;36,44;1512,0;1512,0;1,0;0,024100529100529098
MSCU2321324;40';2,0;IMFOR00066/25;AT Express;;2025-01-08;FCL;Entregue;5415,0;10830,0;5415,0;17461,82;34923,64;0,5;0,3101051322256214
MSCU2321324;40';2,0;IMFOR00066/25;AT Express;;2025-01-08;FCL;Entregue;5415,0;10830,0;5415,0;17461,82;34923,64;0,5;0,3101051322256214
MSCU2582524;20';1,0;CMI25000588;Everich;2025-09-10;2025-09-11;FCL;Entregue;1000,0;6900,0;6900,0;90820,2;190016,6;0,14492753623188406;0,011010766327314849
MSCU2582524;20';1,0;IMFOR00183/25;Parisun;;2025-02-11;FCL;Entregue;2950,0;6900,0;6900,0;55532,1;190016,6;0,427536231884058;0,053122428289223714
MSCU2582524;20';1,0;IMFOR00184/25;Parisun;2025-05-10;2025-09-11;FCL;Entregue;2400,1;6900,0;6900,0;34995,5;190016,6;0,3478405797101449;0,06858310354188396
MSCU2582524;20';1,0;IMFOR00184/25;Parisun;2025-05-10;2025-09-11;FCL;Entregue;549,9;6900,0;6900,0;8668,8;190016,6;0,07969565217391304;0,06343438538205981
MSCU3219824;40';2,0;02/10394;Shenzhen Ilinois;2025-08-09;2025-09-09;Aéreo;Entregue;650,0;6480,33;3240,165;18040,0;180102,0;0,10030353392496986;0,03603104212860311
MSCU3219824;40';2,0;CMI25000579;Lanrun;;2025-12-10;FCL;Entregue;2900,0;6480,33;3240,165;80768,0;180102,0;0,447508074434481;0,03590530903328051
MSCU3219824;40';2,0;CMI25000579;Lanrun;;2025-12-10;FCL;Entregue;2900,0;6480,33;3240,165;80376,0;180102,0;0,447508074434481;0,03608042201652235
MSCU3219824;40';2,0;WMFIM251077;YNS;2025-03-09;;FCL;Entregue;30,33;6480,33;3240,165;918,0;180102,0;0,004680317206068209;0,033039215686274506
MSCU4214348;20';1,0;IMFOR00195/25;AT Express;2025-09-10;;FCL;Entregue;2300,0;2300,0;2300,0;13243,0;13243,0;1,0;0,17367665936721285
MSCU4374754;40';2,0;IMFOR00076/25;AT Express;;;FCL;Entregue;6075,0;24300,0;12150,0;17461,82;69847,28;0,25;0,34790187964370267
MSCU4374754;40';2,0;IMFOR00076/25;AT Express;;;FCL;Entregue;6075,0;24300,0;12150,0;17461,82;69847,28;0,25;0,34790187964370267
MSCU4374754;40';2,0;IMFOR00076/25;AT Express;;;FCL;Entregue;6075,0;24300,0;12150,0;17461,82;69847,28;0,25;0,34790187964370267
MSCU4374754;40';2,0;IMFOR00076/25;AT Express;;;FCL;Entregue;6075,0;24300,0;12150,0;17461,820000000003;69847,28;0,25;0,3479018796437026
MSCU4744854;20';1,0;GOC23031-8;Lanrun;;;nan;Entregue;3100,0;10296,3;10296,3;117744,0;291007,9;0,3010790283888387;0,02632830547628754
MSCU4744854;20';1,0;GOC23031-9;Lanrun;;;FCL;Entregue;4247,0;10296,3;10296,3;104070,4;291007,9;0,41247826889270905;0,040808913965930754
MSCU4744854;20';1,0;GOC24009-1;Dongguan Alljoyful;;;nan;Entregue;;10296,3;10296,3;13106,0;291007,9;;
MSCU4744854;20';1,0;GOC24014-1;Newcom;;;nan;Entregue;2949,3;10296,3;10296,3;49000,0;291007,9;0,2864427027184523;0,06018979591836735
MSCU4744854;20';1,0;GOC24024-1;Lanrun;;2024-01-06;Aéreo;Entregue;;10296,3;10296,3;7087,5;291007,9;;
MSCU4769795;40';2,0;CMI25000549;Lanrun;2025-06-08;2025-02-09;FCL;Entregue;4637,59;9924,79;4962,395;79832,0;221874,0;0,4672733629628435;0,05809186792263754
MSCU4769795;40';2,0;CMI25000550;Everich;2025-06-08;2025-02-09;FCL;Entregue;428,52;9924,79;4962,395;11664,0;221874,0;0,04317673220289799;0,03673868312757202
MSCU4769795;40';2,0;CMI25000550;Everich;2025-06-08;2025-02-09;FCL;Entregue;3871,48;9924,79;4962,395;105378,0;221874,0;0,39008180525734043;0,036738977775247206
MSCU4769795;40';2,0;CMI25000552;Newcom;;2025-08-09;LCL;Entregue;16,0;9924,79;4962,395;5400,0;221874,0;0,0016121247905497244;0,002962962962962963
MSCU4769795;40';2,0;IAFOR00037/25;Newcom;;2025-06-08;Aéreo;Entregue;971,2;9924,79;4962,395;19600,0;221874,0;0,09785597478636827;0,04955102040816327
MSCU5428914;40';2,0;WMFIM261414;Yushi HongKong;2026-12-02;;FCL;Em Trânsito;175,61;1386,68;693,34;9709,0;71354,65;0,1266406092249113;0,018087341641775674
MSCU5428914;40';2,0;WMFIM261433;Yushi HongKong;2026-02-03;2026-03-04;FCL;Booking;345,85;1386,68;693,34;17604,6;71354,65;0,24940865953211988;0,019645433579859813
MSCU5428914;40';2,0;WMFIM261433;Yushi HongKong;2026-02-03;2026-03-04;FCL;Booking;865,22;1386,68;693,34;44041,05;71354,65;0,6239507312429688;0,019645762305848746
MSCU5456272;40';2,0;CAI26002248;Newcom;;;Aéreo;Entregue;696,65;4696,65;2348,325;14400,0;268310,6;0,14832912820840388;0,04837847222222222
MSCU5456272;40';2,0;CMI25000639;Lanrun;;;FCL;Desembaraço;1250,0;4696,65;2348,325;80376,0;268310,6;0,26614714743487383;0,015551906041604458
MSCU5456272;40';2,0;CMI25000639;Lanrun;;;FCL;Desembaraço;1250,0;4696,65;2348,325;92896,0;268310,6;0,26614714743487383;0,013455907681708578
MSCU5456272;40';2,0;WMFIM251347;Yushi HongKong;2026-10-01;;FCL;Liberado SEFAZ;1500,0;4696,65;2348,325;80638,6;268310,6;0,31937657692184857;0,018601513419131778
MSCU5672073;40';2,0;IMFOR00114/25;AT Express;2025-09-09;2025-10-10;FCL;Entregue;3350,0;13400,0;6700,0;17461,82;69847,28;0,25;0,19184712704632165
MSCU5672073;40';2,0;IMFOR00114/25;AT Express;2025-09-09;2025-10-10;FCL;Entregue;3350,0;13400,0;6700,0;17461,82;69847,28;0,25;0,19184712704632165
MSCU5672073;40';2,0;IMFOR00114/25;AT Express;2025-09-09;2025-10-10;FCL;Entregue;3350,0;13400,0;6700,0;17461,82;69847,28;0,25;0,19184712704632165
MSCU5672073;40';2,0;IMFOR00116/25;AT Express;2025-09-09;2025-10-10;FCL;Entregue;3350,0;13400,0;6700,0;17461,82;69847,28;0,25;0,19184712704632165
MSCU6271130;40';2,0;CMI25000633;Everich;;2026-12-02;FCL;Entregue;21,34;3416,02;1708,01;2120,4;276597,8;0,006247036024379249;0,010064138841727976
MSCU6271130;40';2,0;CMI25000639;Lanrun;;;FCL;Desembaraço;1250,0;3416,02;1708,01;101587,2;276597,8;0,36592291614217715;0,012304699804699806
MSCU6271130;40';2,0;CMI25000639;Lanrun;;;FCL;Desembaraço;1203,77;3416,02;1708,01;84166,4;276597,8;0,3523896230115749;0,014302263135883203
MSCU6271130;40';2,0;CMI25000640;Everich;2026-12-01;;FCL;Desembaraço;762,52;3416,02;1708,01;71902,2;276597,8;0,22321883361338635;0,010604960627073999
MSCU6271130;40';2,0;CMI25000640;Everich;2026-12-01;;FCL;Desembaraço;178,39;3416,02;1708,01;16821,6;276597,8;0,05222159120848238;0,010604817615446807
MSCU7728339;40';2,0;CMI25000606;Everich;2025-03-11;;FCL;Entregue;46,76;6593,68;3296,84;1940,0;222493,1;0,00709163926669174;0,024103092783505153
MSCU7728339;40';2,0;CMI25000611;Lanrun;;2025-01-12;FCL;Entregue;2450,0;6593,68;3296,84;80196,0;222493,1;0,37156792565001634;0,030550152127288142
MSCU7728339;40';2,0;CMI25000611;Lanrun;;2025-01-12;FCL;Entregue;2450,0;6593,68;3296,84;99357,6;222493,1;0,37156792565001634;0,024658405597558716
MSCU7728339;40';2,0;CMI25000615;Yiwu Honglu;;;FCL;Entregue;43,2;6593,68;3296,84;5999,5;222493,1;0,006551728321665595;0,007200600050004167
MSCU7728339;40';2,0;IAFOR00088/25;Shenzhen Zhenxin;;;Aéreo;Entregue;1603,72;6593,68;3296,84;35000,0;222493,1;0,24322078111160989;0,04582057142857143
MSCU8536477;20';1,0;GOC24012-9;Lanrun;;;FCL;Entregue;;7610,65;7610,65;60690,0;83040,0;;
MSCU8536477;20';1,0;GOC24021-2;Newcom;;;FCL;Entregue;3400,0;7610,65;7610,65;8100,0;83040,0;0,4467423938822571;0,41975308641975306
MSCU8536477;20';1,0;GOC24049-1;Newcom;;;FCL;Entregue;1700,0;7610,65;7610,65;2850,0;83040,0;0,22337119694112856;0,5964912280701754
MSCU8536477;20';1,0;GOC24059-1;Newcom;;;LCL;Entregue;1700,0;7610,65;7610,65;6600,000000000001;83040,0;0,22337119694112856;0,2575757575757575
MSCU8536477;20';1,0;GOC24061-1;Newcom;;;nan;Entregue;810,65;7610,65;7610,65;4800,0;83040,0;0,1065152122354858;0,16888541666666665
MSCU8935169;40';2,0;CMI25000580;Everich;;;FCL;Entregue;2250,0;8050,0;4025,0;83478,0;282992,4;0,2795031055900621;0,02695320922877884
MSCU8935169;40';2,0;CMI25000581;Lanrun;;2025-12-10;FCL;Entregue;2900,0;8050,0;4025,0;99840,0;282992,4;0,36024844720496896;0,02904647435897436
MSCU8935169;40';2,0;CMI25000581;Lanrun;;2025-12-10;FCL;Entregue;2900,0;8050,0;4025,0;99674,4;282992,4;0,36024844720496896;0,02909473244885347
MSCU9375710;20';1,0;CMI25000450;Lanrun;;;nan;Entregue;4299,42;4299,42;4299,42;81900,0;81900,0;1,0;0,052495970695970694
MSCU9478454;20';1,0;GOC24012-5;Lanrun;;;FCL;Entregue;;2583,95;2583,95;90360,0;116064,7;;
MSCU9478454;20';1,0;GOC24034-1;Dongguan Alljoyful;;;nan;Entregue;50,0;2583,95;2583,95;10528,7;116064,7;0,019350219624992743;0,0047489243686305044
MSCU9478454;20';1,0;GOC24035-1;Dongguan Alljoyful;;;Aéreo;Entregue;2533,95;2583,95;2583,95;15176,0;116064,7;0,9806497803750073;0,1669708750658935
MSCU9997381;20';1,0;IMFOR00195/25;AT Express;2025-09-10;;FCL;Entregue;2300,0;9200,0;9200,0;13243,0;52972,0;0,25;0,17367665936721285
MSCU9997381;20';1,0;IMFOR00195/25;AT Express;2025-09-10;;FCL;Entregue;2300,0;9200,0;9200,0;13243,0;52972,0;0,25;0,17367665936721285
MSCU9997381;20';1,0;IMFOR00195/25;AT Express;2025-09-10;;FCL;Entregue;2300,0;9200,0;9200,0;13243,0;52972,0;0,25;0,17367665936721285
MSCU9997381;20';1,0;IMFOR00195/25;AT Express;2025-09-10;;FCL;Entregue;2300,0;9200,0;9200,0;13243,0;52972,0;0,25;0,17367665936721285
MSKU2458591;20';1,0;GOC24002-1;Parisun;;2024-12-06;FCL;Entregue;;0,0;0,0;33150,0;66774,0;;
MSKU2458591;20';1,0;GOC24011-1;Newcom;;;FCL;Entregue;;0,0;0,0;33624,0;66774,0;;
MSKU2651177;40';2,0;CMI25000595;Wenzhou Yuanfei;2025-07-10;;FCL;Entregue;1750,0;6124,280000000001;3062,1400000000003;79211,45;208668,95;0,28574787566865;0,022092765629211433
MSKU2651177;40';2,0;WMFIM251142;YNS;2025-08-10;2025-11-11;FCL;Entregue;2490,07;6124,280000000001;3062,1400000000003;73694,1;208668,95;0,4065898358664202;0,03378927213983209
MSKU2651177;40';2,0;WMFIM251142;YNS;2025-08-10;2025-11-11;FCL;Entregue;1884,21;6124,280000000001;3062,1400000000003;55763,4;208668,95;0,3076622884649297;0,033789367219358935
MSKU2867825;20';1,0;GOC23031-2;Lanrun;2023-12-02;2023-01-07;nan;Entregue;3100,0;15500,0;15500,0;95694,98000000004;459993,78;0,2;0,0323945937393999
MSKU2867825;20';1,0;GOC23031-3;Lanrun;;;nan;Entregue;3100,0;15500,0;15500,0;104650,0;459993,78;0,2;0,029622551361681796
MSKU2867825;20';1,0;GOC23031-4;Lanrun;;;nan;Entregue;3100,0;15500,0;15500,0;95772,0;459993,78;0,2;0,03236854195380696
MSKU2867825;20';1,0;GOC23031-5;Lanrun;;2024-02-01;nan;Entregue;3100,0;15500,0;15500,0;83008,8;459993,78;0,2;0,03734543807403552
MSKU2867825;20';1,0;GOC23031-5;Lanrun;;2024-07-01;nan;Entregue;3100,0;15500,0;15500,0;80868,0;459993,78;0,2;0,038334075283177525
MSKU2921859;40';2,0;CMI25000487;Dongguan Alljoyful;;;FCL;Entregue;1400,0;8038,26;4019,13;79994,0;366933,3065;0,1741670461020171;0,017501312598444882
MSKU2921859;40';2,0;WMFIM250760;YNS;;;FCL;Entregue;1138,26;8038,26;4019,13;63827,30649999999;366933,3065;0,1416052727829157;0,01783343309340494
MSKU2921859;40';2,0;WMFIM250780;Parisun;2025-02-05;2025-02-06;FCL;Entregue;2332,25;8038,26;4019,13;87954,0;366933,3065;0,290143638051021;0,026516701912363282
MSKU2921859;40';2,0;WMFIM250780;Parisun;2025-02-05;2025-02-06;FCL;Entregue;397,75;8038,26;4019,13;15000,0;366933,3065;0,04948210184791236;0,026516666666666668
MSKU2921859;40';2,0;WMFIM250783;Parisun;2025-02-05;2025-02-06;FCL;Entregue;2770,0;8038,26;4019,13;120158,0;366933,3065;0,34460194121613386;0,02305298024268047
MSKU4946066;40';2,0;CMI25000632;Everich;;2026-12-02;FCL;Entregue;442,84;2554,18;1277,09;26323,6;109980,4;0,1733785402751568;0,016822926955279673
MSKU4946066;40';2,0;CMI25000632;Everich;;2026-12-02;FCL;Entregue;80,12;2554,18;1277,09;4762,8;109980,4;0,03136818861630739;0,01682203745695809
MSKU4946066;40';2,0;CMI25000632;Everich;;2026-12-02;FCL;Entregue;727,04;2554,18;1277,09;43218,0;109980,4;0,2846471274538208;0,016822620204544402
MSKU4946066;40';2,0;WMFIM251306;Ningbo Toprank;;2026-12-02;LCL;Liberado SEFAZ;4,18;2554,18;1277,09;5800,0;109980,4;0,0016365330556186329;0,0007206896551724138
MSKU4946066;40';2,0;WMFIM251311;Yiwu Runhui;2026-02-01;2026-06-02;FCL;Entregue;1300,0;2554,18;1277,09;29876,0;109980,4;0,5089696105990964;0,04351318784308475
MSKU5476583;20';1,0;IMFOR00047/25;Newcom;2025-04-06;2025-10-07;FCL;Entregue;242,85;1394,59;1394,59;190,0;68512,6;0,17413720161481153;1,2781578947368422
MSKU5476583;20';1,0;WMFIM250794;Everich;2025-09-05;;FCL;Entregue;1151,74;1394,59;1394,59;68322,6;68512,6;0,8258627983851885;0,01685737954937312
MSKU5479144;20';1,0;352GZH2411012;Everich;2024-10-12;2025-12-01;nan;Entregue;228,3780492079069;5267,879060897298;5267,879060897298;3480,0;89497,6;0,043352940826436974;0,06562587620916865
MSKU5479144;20';1,0;IMFOR00349/24;YNS;2024-01-12;;nan;Entregue;1790,8746282808256;5267,879060897298;5267,879060897298;31672,0;89497,6;0,3399612268197705;0,05654441236047063
MSKU5479144;20';1,0;IMFOR00349/24;YNS;2024-01-12;;nan;Entregue;1979,054432616472;5267,879060897298;5267,879060897298;35000,0;89497,6;0,37568334613197674;0,05654441236047063
MSKU5479144;20';1,0;WMFIMP-24/0606;Everich;2024-10-12;2025-12-01;nan;Entregue;861,5824409873126;5267,879060897298;5267,879060897298;13128,7;89497,6;0,1635539523643802;0,06562587620916865
MSKU5479144;20';1,0;WMFIMP-24/0606;Everich;2024-10-12;2025-12-01;nan;Entregue;407,9895098047806;5267,879060897298;5267,879060897298;6216,9;89497,6;0,07744853385743564;0,06562587620916865
MSKU6033115;20';1,0;WMFIM251349;YNS;;;FCL;Desembaraço;145,45;1390,9;1390,9;4032,0;38556,0;0,10457257890574446;0,03607390873015873
MSKU6033115;20';1,0;WMFIM251349;YNS;;;FCL;Desembaraço;1245,45;1390,9;1390,9;34524,0;38556,0;0,8954274210942554;0,03607490441432047
MSKU6440561;20';1,0;CMI24000434;Lanrun;2025-06-01;2025-06-02;nan;Entregue;5200,0;10143,2;10143,2;91032,0;171122,0;0,5126587270289454;0,0571227700149398
MSKU6440561;20';1,0;IMFOR00369/24;YNS;2025-09-01;2025-05-02;nan;Entregue;2514,1;10143,2;10143,2;40920,0;171122,0;0,24786063569682149;0,06143939393939394
MSKU6440561;20';1,0;IMFOR00369/24;YNS;2025-09-01;2025-05-02;nan;Entregue;519,16;10143,2;10143,2;8450,0;171122,0;0,05118305860083602;0,06143905325443787
MSKU6440561;20';1,0;IMP-SEA80277/24;Everich;2025-05-01;2025-11-02;nan;Entregue;1909,94;10143,2;10143,2;30720,0;171122,0;0,18829757867339694;0,06217252604166667
MSKU9143903;20';1,0;IMFOR00114/25;AT Express;2025-09-09;2025-10-10;FCL;Entregue;3350,0;3350,0;3350,0;17461,82;17461,82;1,0;0,19184712704632165
OOCU1445199;40';2,0;GOC23035-1;Parisun;2024-08-06;;FCL;Entregue;;7595,64;3797,82;33000,0;134690,0;;
OOCU1445199;40';2,0;GOC24012-4;Lanrun;;;FCL;Entregue;;7595,64;3797,82;79870,0;134690,0;;
OOCU1445199;40';2,0;GOC24016-1;YNS;;;FCL;Entregue;2670,09;7595,64;3797,82;21820,0;134690,0;0,3515292983869694;0,12236892758936756
OOCU1445199;40';2,0;GOC24060-1;Dongguan Alljoyful;;;Aéreo;Entregue;4925,55;7595,64;3797,82;;134690,0;0,6484707016130307;
OOCU1666754;20';1,0;CMI25000635;Wenzhou Yuanfei;2026-10-01;;FCL;Entrega Agendada (EXT);1030,0;11546,9;11546,9;47853,30000000001;138630,80000000002;0,08920143068702423;0,021524116414123995
OOCU1666754;20';1,0;CMI25000637;Everich;;2026-12-02;FCL;Entregue;706,48;11546,9;11546,9;42433,5;138630,80000000002;0,06118352111822221;0,016649109783543663
OOCU1666754;20';1,0;CMI25000637;Everich;;2026-12-02;FCL;Entregue;109,11;11546,9;11546,9;6554,0;138630,80000000002;0,00944928941967108;0,016647848642050656
OOCU1666754;20';1,0;IAFOR00001/26;Dongguan Soonleader;2026-12-01;;Aéreo;Entregue;9701,31;11546,9;11546,9;41790,0;138630,80000000002;0,8401657587750825;0,2321442928930366
OOCU2065818;40';2,0;CMI25000468;Everich;;;FCL;Entregue;1276,25;8720,35;4360,175;45536,4;163131,6;0,14635307069096998;0,0280270289263095
OOCU2065818;40';2,0;CMI25000473;Lanrun;;2025-07-05;FCL;Entregue;1844,1;8720,35;4360,175;80780,0;163131,6;0,2114708698618748;0,022828670462985888
OOCU2065818;40';2,0;IMP-SEA90074/25;AT Express;;2025-09-06;FCL;Entregue;2756,56;8720,35;4360,175;18122,0;163131,6;0,31610657829100897;0,1521112459993378
OOCU2065818;40';2,0;IMP-SEA90074/25;AT Express;;2025-09-06;FCL;Entregue;2843,44;8720,35;4360,175;18693,2;163131,6;0,32606948115614626;0,15211092803800313
OOCU2375453;40';2,0;CMI25000637;Everich;;2026-12-02;FCL;Entregue;434,41;2875,7899999999995;1437,8949999999998;26092,2;129316,92;0,15105762242722873;0,016649036876921073
OOCU2375453;40';2,0;IMFOR00290/25;Parisun;2026-04-01;2026-08-02;FCL;Entregue;2264,7;2875,7899999999995;1437,8949999999998;93024,72;129316,92;0,7875053463570011;0,024345141807467947
OOCU2375453;40';2,0;IMFOR00290/25;Parisun;2026-04-01;2026-08-02;FCL;Entregue;95,3;2875,7899999999995;1437,8949999999998;5160,0;129316,92;0,0331387201429868;0,018468992248062015
OOCU2375453;40';2,0;WMFIM251339;YNS;2026-10-01;;FCL;Liberado SEFAZ;81,38;2875,7899999999995;1437,8949999999998;5040,0;129316,92;0,02829831107278348;0,016146825396825396
OOCU2677407;20';1,0;CMI26000643;Everich;;2026-05-03;FCL;Em Trânsito;959,46;1504,6;1504,6;71008,79999999999;106257,29999999999;0,6376844344011698;0,01351184641903539
OOCU2677407;20';1,0;CMI26000643;Everich;;2026-05-03;FCL;Em Trânsito;285,59;1504,6;1504,6;21136,5;106257,29999999999;0,1898112455137578;0,013511697773992856
OOCU2677407;20';1,0;CMI26000645;Everich;2026-05-02;;FCL;Em Trânsito;259,55;1504,6;1504,6;14112,000000000002;106257,29999999999;0,17250432008507247;0,018392148526077096
OOCU3871230;40';2,0;CMI24000428;Lanrun;;;nan;Entregue;5050,0;18959,59;9479,795;80114,0;181358,0;0,2663559707778491;0,06303517487580199
OOCU3871230;40';2,0;IAFOR00368/24;Shenzhen Zhenxin;;;nan;Entregue;2509,59;18959,59;9479,795;65000,0;181358,0;0,1323652040998777;0,038609076923076927
OOCU3871230;40';2,0;IMP-SEA80244/24;AT Express;;;nan;Entregue;5700,0;18959,59;9479,795;18122,0;181358,0;0,30063941256113663;0,3145348195563404
OOCU3871230;40';2,0;IMP-SEA80244/24;AT Express;;;nan;Entregue;5700,0;18959,59;9479,795;18122,0;181358,0;0,30063941256113663;0,3145348195563404
OOCU4226067;20';1,0;GOC24052-3;YNS;;;nan;Entregue;;0,0;0,0;73458,0;206180,04;;
OOCU4226067;20';1,0;GOC24052-4;YNS;;;nan;Entregue;;0,0;0,0;29491,0;206180,04;;
OOCU4226067;20';1,0;GOC24052-5;YNS;;;nan;Entregue;;0,0;0,0;42751,04;206180,04;;
OOCU4226067;20';1,0;GOC24066-7;YNS;;;nan;Entregue;;0,0;0,0;30240,0;206180,04;;
OOCU4226067;20';1,0;GOC24066-8;YNS;;;nan;Entregue;;0,0;0,0;30240,0;206180,04;;
OOCU4337174;20';1,0;CMI24000447;Lanrun;;;FCL;Entregue;105,99;9813,34;9813,34;4050,0;231936,4;0,010800604075676578;0,026170370370370368
OOCU4337174;20';1,0;CMI25000499;Lanrun;;;FCL;Entregue;1369,98;9813,34;9813,34;88705,2;231936,4;0,13960384537782244;0,015444190419501902
OOCU4337174;20';1,0;CMI25000511;Max Home;;2025-05-08;FCL;Entregue;4800,0;9813,34;9813,34;38977,2;231936,4;0,4891301024931369;0,12314891782888458
OOCU4337174;20';1,0;CMI25000514;YNS;2025-06-06;2025-06-07;FCL;Entregue;2449,16;9813,34;9813,34;63175,0;231936,4;0,24957455871293563;0,03876786703601108
OOCU4337174;20';1,0;CMI25000514;YNS;2025-06-06;2025-06-07;FCL;Entregue;1088,21;9813,34;9813,34;37028,99999999999;231936,4;0,11089088934042844;0,029388047206243762
OOCU4533779;20';1,0;CMI26000666;Everich;2026-06-03;2026-11-04;FCL;Booking;;458,36;458,36;70009,2;111942,0;;
OOCU4533779;20';1,0;CMI26000671;Everich;2026-06-03;2026-11-04;FCL;Booking;458,36;458,36;458,36;41932,8;111942,0;1,0;0,010930822649572649
OOCU4694634;20';1,0;CMI25000549;Lanrun;2025-06-08;2025-02-09;FCL;Entregue;5216,31;11610,400000000001;11610,400000000001;89794,0;273037,6;0,449279094604837;0,05809196605563847
OOCU4694634;20';1,0;CMI25000557;Everich;;2025-03-10;FCL;Entregue;2532,46;11610,400000000001;11610,400000000001;76119,6;273037,6;0,21811996141390474;0,03326948643976058
OOCU4694634;20';1,0;CMI25000559;Everich;;2025-03-10;FCL;Entregue;391,63;11610,400000000001;11610,400000000001;7888,0;273037,6;0,033730965341418034;0,04964883367139959
OOCU4694634;20';1,0;IMFOR00095/25;Parisun;2025-05-09;;FCL;Entregue;3470,0;11610,400000000001;11610,400000000001;99236,0;273037,6;0,2988699786398401;0,03496714901850135
OOCU5437923;40';2,0;GOC24063-1;Dongguan Alljoyful;2024-06-10;;FCL;Entregue;;0,0;0,0;67028,96;67028,96;;
OOCU5667265;20';1,0;GOC24032-2;Dongguan Alljoyful;;;FCL;Entregue;3400,0;11350,0;11350,0;51547,0;141992,0;0,29955947136563876;0,06595922168118416
OOCU5667265;20';1,0;GOC24040-1;Lanrun;;2024-12-09;FCL;Entregue;7950,0;11350,0;11350,0;90445,0;141992,0;0,7004405286343612;0,08789872298081707
OOCU6438436;40';2,0;CMI25000520;YNS;;;FCL;Entregue;3529,87;12603,68;6301,84;72128,0;257538,75;0,28006661546468964;0,04893896960958296
OOCU6438436;40';2,0;CMI25000520;YNS;;;FCL;Entregue;4223,92;12603,68;6301,84;86310,0;257538,75;0,33513386566463127;0,04893894102653227
OOCU6438436;40';2,0;CMI25000520;YNS;;;FCL;Entregue;4849,89;12603,68;6301,84;99100,75;257538,75;0,38479951887067904;0,04893898381192877
OOCU8078673;40';2,0;GOC23031-11;Lanrun;;;FCL;Entregue;8900,0;38935,53;19467,765;87802,5;252932,6;0,2285829934766523;0,10136385638222146
OOCU8078673;40';2,0;GOC24012-1;Lanrun;;;FCL;Entregue;;38935,53;19467,765;106239,6;252932,6;;
OOCU8078673;40';2,0;GOC24024-2;Lanrun;;;FCL;Entregue;7497,68;38935,53;19467,765;6142,5;252932,6;0,1925665324191041;1,2206235246235246
OOCU8078673;40';2,0;GOC24032-1;Dongguan Alljoyful;;2024-01-07;Aereo e maritimo;Entregue;19737,2;38935,53;19467,765;35236,0;252932,6;0,5069200290839755;0,5601430355318424
OOCU8078673;40';2,0;GOC24033-1;ISMILE;;;Aéreo;Entregue;2800,65;38935,53;19467,765;17512,0;252932,6;0,07193044502026813;0,1599274783005939
OOCU8852574;40';2,0;CMI25000467;Max Home;2025-05-04;;FCL;Entregue;3900,0;9245,7;4622,85;60480,0;249877,0;0,4218177098543106;0,06448412698412699
OOCU8852574;40';2,0;CMI25000471;Dongguan Alljoyful;2025-01-04;2025-07-05;FCL;Entregue;1725,0;9245,7;4622,85;75473,0;249877,0;0,18657321782017586;0,022855855736488545
OOCU8852574;40';2,0;CMI25000478;Lanrun;2025-02-04;2025-01-05;FCL;Entregue;1625,0;9245,7;4622,85;69864,0;249877,0;0,17575737910596276;0,023259475552502004
OOCU8852574;40';2,0;IAFOR00017/25;Newcom;2025-11-04;;Aéreo;Entregue;555,7;9245,7;4622,85;1560,0;249877,0;0,06010361573488216;0,35621794871794876
OOCU8852574;40';2,0;WMFIM250737;Yiwu Runhui;;;FCL;Entregue;1440,0;9245,7;4622,85;42500,0;249877,0;0,15574807748466854;0,03388235294117647
OOCU8999183;20';1,0;WMFIM251276;YNS;2025-10-12;;FCL;Entregue;935,0039;1034,61016;1034,61016;37548,0;41548,0;0,9037258052830257;0,02490156333226803
OOCU8999183;20';1,0;WMFIM251276;YNS;2025-10-12;;FCL;Entregue;99,60626;1034,61016;1034,61016;4000,0;41548,0;0,09627419471697438;0,024901565
OOCU9874152;20';1,0;IMFOR00032/26;AT Express;;2026-01-03;FCL;Desembaraço;1245,0;4980,0;4980,0;13243,0;52972,0;0,25;0,09401193083138262
OOCU9874152;20';1,0;IMFOR00033/26;AT Express;;2026-01-03;FCL;Desembaraço;1245,0;4980,0;4980,0;13243,0;52972,0;0,25;0,09401193083138262
OOCU9874152;20';1,0;IMFOR00033/26;AT Express;;2026-01-03;FCL;Desembaraço;1245,0;4980,0;4980,0;13243,0;52972,0;0,25;0,09401193083138262
OOCU9874152;20';1,0;IMFOR00033/26;AT Express;;2026-01-03;FCL;Desembaraço;1245,0;4980,0;4980,0;13243,0;52972,0;0,25;0,09401193083138262
SUDU1109031;40';2,0;GOC23040-2;AT Express;;;LCL;Entregue;16,0;8916,4;4458,2;5071,6;142704,8;0,0017944461890449061;0,0031548229355627413
SUDU1109031;40';2,0;GOC24036-1;Yiwu Runhui;;;LCL;Entregue;475,2;8916,4;4458,2;21860,0;142704,8;0,05329505181463371;0,021738334858188473
SUDU1109031;40';2,0;GOC24040-2;Lanrun;;2024-12-09;FCL;Entregue;7950,0;8916,4;4458,2;98773,2;142704,8;0,8916154501816878;0,0804874196644434
SUDU1109031;40';2,0;GOC24055-1;Yiwu Runhui;;;LCL;Entregue;475,2;8916,4;4458,2;17000,0;142704,8;0,05329505181463371;0,027952941176470587
SUDU1728977;40';2,0;GOC24077-2;Dongguan Alljoyful;2024-06-10;;FCL;Entregue;;0,0;0,0;8550,0;22170,0;;
SUDU1728977;40';2,0;GOC24089-2;Dongguan Alljoyful;2024-06-10;;FCL;Entregue;;0,0;0,0;13620,0;22170,0;;
SUDU1790481;20';1,0;CMI25000454;Everich;2025-03-03;2025-02-04;nan;Entregue;1904,29;2733,86;2733,86;61620,0;88463,52;0,6965572487252456;0,030903765011359947
SUDU1790481;20';1,0;CMI25000454;Everich;2025-03-03;2025-02-04;nan;Entregue;829,57;2733,86;2733,86;26843,52;88463,52;0,3034427512747544;0,030903920201225475
SUDU2833230;20';1,0;IMFOR00194/25;AT Express;2025-04-10;;FCL;Entregue;2300,0;2300,0;2300,0;13243,0;13243,0;1,0;0,17367665936721285
SUDU3109911;40';2,0;WMFIM250944;YNS;;2025-07-08;FCL;Entregue;5465,0;5465,0;2732,5;84545,75;84545,75;1,0;0,06463955905530437
SUDU3678638;20';1,0;GOC24002-2;Parisun;2024-09-08;;FCL;Entregue;3837,5;16522,0;16522,0;5050,0;229278,9;0,23226606948311343;0,7599009900990099
SUDU3678638;20';1,0;GOC24030-2;YNS;;;FCL;Entregue;3900,0;16522,0;16522,0;34422,5;229278,9;0,23604890449098173;0,11329798823443968
SUDU3678638;20';1,0;GOC24031-1;Parisun;2024-09-08;;FCL;Entregue;3837,5;16522,0;16522,0;109690,0;229278,9;0,23226606948311343;0,03498495760780381
SUDU3678638;20';1,0;GOC24064-1;Dongguan Soonleader;;;Aéreo;Entregue;3450,0;16522,0;16522,0;10116,4;229278,9;0,20881249243432998;0,3410304060733067
SUDU3678638;20';1,0;GOC24075-1;Shenzhen Zhenxin;;;Aéreo;Entregue;1497,0;16522,0;16522,0;70000,0;229278,9;0,09060646410846145;0,021385714285714286
SUDU3710343;40';2,0;CMI25000512;Lanrun;;;FCL;Entregue;3149,38;6298,76;3149,38;79540,0;159080,0;0,5;0,03959492079456877
SUDU3710343;40';2,0;CMI25000512;Lanrun;;;FCL;Entregue;3149,38;6298,76;3149,38;79540,0;159080,0;0,5;0,03959492079456877
SUDU5855124;40';2,0;GOC24028-3;Everich;2024-05-11;2024-06-12;nan;Entregue;7425,0;33763,58;16881,79;83715,3;417125,98000000004;0,21991151412261375;0,08869346463549674
SUDU5855124;40';2,0;GOC24069-1;Lanrun;2024-01-11;2024-11-12;nan;Entregue;537,4382836642632;33763,58;16881,79;8316,0;417125,98000000004;0,01591769248593494;0,06462701823764588
SUDU5855124;40';2,0;GOC24070-5;Lanrun;2024-01-11;2024-11-12;nan;Entregue;6012,561716335737;33763,58;16881,79;93034,8;417125,98000000004;0,17807832333940113;0,06462701823764588
SUDU5855124;40';2,0;GOC24074-2;YNS;2024-06-11;2024-11-12;nan;Entregue;6050,0;33763,58;16881,79;90084,6;417125,98000000004;0,17918715965546306;0,06715909267510761
SUDU5855124;40';2,0;IMP-SEA80218/24;Parisun;2024-10-11;;nan;Entregue;13738,58;33763,58;16881,79;141975,28000000003;417125,98000000004;0,40690531039658706;0,09676740908699033
SUDU6292423;20';1,0;IMP-SEA80245/24;AT Express;2025-06-01;2025-04-02;nan;Entregue;5700,0;10150,0;10150,0;18122,0;100397,43999999999;0,5615763546798029;0,3145348195563404
SUDU6292423;20';1,0;IMP-SEA80270/24;Everich;2025-06-01;2025-12-02;nan;Entregue;4450,0;10150,0;10150,0;82275,43999999999;100397,43999999999;0,43842364532019706;0,054086614425884576
SUDU6647119;20';1,0;GOC24047-1;Parisun;2024-08-09;;FCL;Entregue;7300,0;28700,0;28700,0;47960,0;103908,6;0,25435540069686413;0,15221017514595497
SUDU6647119;20';1,0;GOC24050-1;AT Express;;;FCL;Entregue;7200,0;28700,0;28700,0;18122,0;103908,6;0,2508710801393728;0,3973071404922194
SUDU6647119;20';1,0;GOC24050-2;AT Express;;;FCL;Entregue;7200,0;28700,0;28700,0;18122,0;103908,6;0,2508710801393728;0,3973071404922194
SUDU6647119;20';1,0;GOC24062-1;Max Home;;;FCL;Entregue;7000,0;28700,0;28700,0;19704,6;103908,6;0,24390243902439024;0,35524699816286553
SUDU6707197;40';2,0;CMI25000492;Everich;;2025-04-06;FCL;Entregue;1400,0;1400,0;700,0;85592,0;85592,0;1,0;0,016356668847555846
SUDU7829332;20';1,0;CMI25000572;Everich;;2025-12-10;FCL;Entregue;1450,0;32056,32;32056,32;53320,0;347712,98;0,04523289011340042;0,02719429857464366
SUDU7829332;20';1,0;CMI25000587;Yiwu Honglu;;;FCL;Entregue;1995,0;32056,32;32056,32;61600,5;347712,98;0,06223421777671299;0,03238610076216914
SUDU7829332;20';1,0;IAFOR00084/25;Wenzhou Yuanfei;2025-05-10;2025-11-10;Aéreo;Entregue;21011,32;32056,32;32056,32;50941,2;347712,98;0,6554501577224086;0,4124622113338516
SUDU7829332;20';1,0;WMFIM251106;YNS;;2025-03-11;FCL;Entregue;3800,0;32056,32;32056,32;95534,4;347712,98;0,11854136719373902;0,0397762481367968
SUDU7829332;20';1,0;WMFIM251106;YNS;;2025-03-11;FCL;Entregue;3800,0;32056,32;32056,32;86316,88;347712,98;0,11854136719373902;0,04402383404034066
SUDU8082668;20';1,0;CMI24000447;Lanrun;;;FCL;Entregue;2550,0;11129,56;11129,56;97442,8;359082,4;0,2291195698661942;0,026169198750446414
SUDU8082668;20';1,0;CMI25000469;YNS;;2025-10-04;nan;Entregue;2450,0;11129,56;11129,56;86065,75;359082,4;0,22013448869497088;0,02846660837789713
SUDU8082668;20';1,0;WMFIM250692;Everich;;;nan;Entregue;423,46;11129,56;11129,56;11136,0;359082,4;0,03804822472766219;0,03802622126436781
SUDU8082668;20';1,0;WMFIM250692;Everich;;;nan;Entregue;2576,54;11129,56;11129,56;67757,84999999999;359082,4;0,23150421040903685;0,038025704770738744
SUDU8082668;20';1,0;WMFIM250697;YNS;2025-05-03;2025-03-04;nan;Entregue;3129,56;11129,56;11129,56;96680,0;359082,4;0,28119350630213596;0,03237029375258585
SUDU9937326;40';2,0;CMI25000530;Lanrun;;;FCL;Entregue;5660,81;6685,81;3342,905;101712,0;117569,25;0,8466902290074052;0,05565528157936134
SUDU9937326;40';2,0;WMFIM250944;YNS;;2025-07-08;FCL;Entregue;1025,0;6685,81;3342,905;15857,25;117569,25;0,15330977099259477;0,06463920288826877
TCNU1054447;20';1,0;CMI25000489;Lanrun;2025-04-05;2025-08-06;FCL;Entregue;1416,35;14561,35;14561,35;73714,0;213605,0;0,09726776706830066;0,01921412486094907
TCNU1054447;20';1,0;IMFOR00057/25;Parisun;;;FCL;Entregue;13145,0;14561,35;14561,35;139891,0;213605,0;0,9027322329316994;0,09396601639848168
TCNU1326765;40';2,0;CMI25000517;Everich;;2025-06-08;FCL;Entregue;2518,03;12793,03;6396,515;52740,0;212430,0;0,1968282728954751;0,047744216913158895
TCNU1326765;40';2,0;CMI25000518;Lanrun;;;FCL;Entregue;4175,0;12793,03;6396,515;79540,0;212430,0;0,3263495825461208;0,052489313552929344
TCNU1326765;40';2,0;IMFOR00060/25;ARUN;;;FCL;Entregue;6100,0;12793,03;6396,515;80150,0;212430,0;0,47682214455840405;0,07610729881472239
TCNU2525206;20';1,0;IMFOR00003/25;Newcom;;;nan;Entregue;284,49;9782,8;9782,8;7175,999999999999;111756,0;0,02908063131209879;0,039644648829431445
TCNU2525206;20';1,0;IMFOR00003/25;Newcom;;;nan;Entregue;523,31;9782,8;9782,8;13200,000000000002;111756,0;0,05349286502841722;0,03964469696969696
TCNU2525206;20';1,0;IMFOR00371/24;Parisun;2025-06-02;;nan;Entregue;4390,0;9782,8;9782,8;21600,0;111756,0;0,4487467800629677;0,20324074074074075
TCNU2525206;20';1,0;IMFOR00376/24;Parisun;;;nan;Entregue;248,37;9782,8;9782,8;3780,0;111756,0;0,025388436848346078;0,06570634920634921
TCNU2525206;20';1,0;IMFOR00376/24;Parisun;;;nan;Entregue;4336,63;9782,8;9782,8;66000,0;111756,0;0,4432912867481703;0,06570651515151515
TCNU2642635;20';1,0;CMI25000605;Lanrun;2025-03-11;;FCL;Entregue;2450,0;9816,8;9816,8;81118,6;205798,8;0,24957216200798632;0,03020269087484251
TCNU2642635;20';1,0;CMI25000606;Everich;2025-03-11;;FCL;Entregue;2366,8;9816,8;9816,8;98194,2;205798,8;0,24109689511857227;0,02410325660782409
TCNU2642635;20';1,0;IMFOR00205/25;AT Express;;;FCL;Entregue;2500,0;9816,8;9816,8;13243,0;205798,8;0,25466547143672075;0,18877897757305748
TCNU2642635;20';1,0;IMFOR00205/25;AT Express;;;FCL;Entregue;2500,0;9816,8;9816,8;13243,0;205798,8;0,25466547143672075;0,18877897757305748
TCNU3030113;40';2,0;WMFIM250990;YNS;;2025-08-09;FCL;Entregue;2709,33;11400,01;5700,005;43125,6;181459,1;0,23766031784182645;0,06282416940286048
TCNU3030113;40';2,0;WMFIM250990;YNS;;2025-08-09;FCL;Entregue;5246,41;11400,01;5700,005;83509,5;181459,1;0,4602109998149124;0,06282410983181554
TCNU3030113;40';2,0;WMFIM250990;YNS;;2025-08-09;FCL;Entregue;3444,27;11400,01;5700,005;54824,0;181459,1;0,30212868234326107;0,06282412811907194
TCNU3351868;20';1,0;CMI25000599;Everich;;;FCL;Entregue;2063,85;6672,77;6672,77;75755,1;176962,0;0,3092943410307863;0,0272437103244534
TCNU3351868;20';1,0;CMI25000599;Everich;;;FCL;Entregue;1092,73;6672,77;6672,77;37833,5;176962,0;0,16375957810624373;0,02888260404139189
TCNU3351868;20';1,0;CMI25000599;Everich;;;FCL;Entregue;1157,27;6672,77;6672,77;40067,99999999999;176962,0;0,17343172325735787;0,028882649495857046
TCNU3351868;20';1,0;CMI25000600;Everich;2025-09-10;2025-09-11;FCL;Entregue;1250,0;6672,77;6672,77;19103,0;176962,0;0,18732850075755644;0,06543474846882688
TCNU3351868;20';1,0;IAFOR00085/25;YCYMO Technology;;;Aéreo;Entregue;1108,92;6672,77;6672,77;4202,4;176962,0;0,16618585684805562;0,2638777841233581
TCNU6304573;40';2,0;CMI25000639;Lanrun;;;FCL;Desembaraço;1250,0;6349,1;3174,55;101462,4;351047,65;0,19687829771148666;0,012319834736808907
TCNU6304573;40';2,0;IMFOR00293/25;Dongguan Alljoyful;;2026-05-03;FCL;Em Trânsito;2090,0;6349,1;3174,55;77280,00000000001;351047,65;0,3291805137736057;0,02704451345755693
TCNU6304573;40';2,0;WMFIM251349;YNS;;;FCL;Desembaraço;9,1;6349,1;3174,55;252,0;351047,65;0,0014332740073396228;0,03611111111111111
TCNU6304573;40';2,0;WMFIM251351;Yushi HongKong;2026-10-01;;FCL;Desembaraço;1500,0;6349,1;3174,55;92395,4;351047,65;0,23625395725378398;0,016234574448511507
TCNU6304573;40';2,0;WMFIM251351;Yushi HongKong;2026-10-01;;FCL;Desembaraço;1500,0;6349,1;3174,55;79657,85;351047,65;0,23625395725378398;0,018830535848004936
TCNU7120868;20';1,0;CMI24000424;Lanrun;2024-04-12;2025-05-01;nan;Entregue;5150,0;5150,0;5150,0;64697,99999999999;197418,0;1,0;0,07960060589199049
TCNU7120868;20';1,0;nan;Lanrun;;;nan;Entregue;;5150,0;5150,0;85579,2;197418,0;;
TCNU7120868;20';1,0;nan;Lanrun;;;nan;Entregue;;5150,0;5150,0;47140,8;197418,0;;
TCNU9075854;40';2,0;IMFOR00208/25;Parisun;2025-01-11;2025-09-12;FCL;Entregue;4600,0;12180,0;6090,0;114970,6;352485,4;0,37766830870279144;0,040010228701946406
TCNU9075854;40';2,0;IMFOR00209/25;Parisun;2025-02-11;;FCL;Entregue;2380,0;12180,0;6090,0;60696,00000000001;352485,4;0,19540229885057472;0,03921180967444312
TCNU9075854;40';2,0;WMFIM251180;YNS;2025-02-11;2025-08-12;FCL;Entregue;2600,0;12180,0;6090,0;87862,8;352485,4;0,2134646962233169;0,02959159052522797
TCNU9075854;40';2,0;WMFIM251180;YNS;2025-02-11;2025-08-12;FCL;Entregue;2600,0;12180,0;6090,0;88956,0;352485,4;0,2134646962233169;0,029227932910652458
TCNU9683481;40';2,0;CMI25000542;Everich;;;LCL;Entregue;1775,92;1878,3600000000001;939,1800000000001;27245,2;28470,850000000002;0,9454630635234992;0,06518285789790496
TCNU9683481;40';2,0;CMI25000542;Everich;;;LCL;Entregue;15,6;1878,3600000000001;939,1800000000001;239,4;28470,850000000002;0,008305117229923975;0,06516290726817042
TCNU9683481;40';2,0;CMI25000542;Everich;;;LCL;Entregue;15,4;1878,3600000000001;939,1800000000001;236,25;28470,850000000002;0,008198641368001873;0,0651851851851852
TCNU9683481;40';2,0;CMI25000543;Everich;;;LCL;Entregue;71,44;1878,3600000000001;939,1800000000001;750,0;28470,850000000002;0,03803317787857492;0,09525333333333333
TEMU1954280;20';1,0;IMFOR00278/25;Dongguan Alljoyful;;;FCL;Entregue;1703,21;2090,0;2090,0;61366,0;75302,0;0,814933014354067;0,027754945735423524
TEMU1954280;20';1,0;IMFOR00278/25;Dongguan Alljoyful;;;FCL;Entregue;386,79;2090,0;2090,0;13936,0;75302,0;0,18506698564593302;0,027754735935706088
TEMU2719583;20';1,0;GOC23031-10;Lanrun;;2024-12-06;FCL;Entregue;4247,0;4247,0;4247,0;84713,6;84713,6;1,0;0,0501336267140105
TEMU3684052;40';2,0;WMFIM250697;YNS;2025-05-03;2025-03-04;nan;Entregue;593,02;665,27;332,635;18320,0;20552,0;0,8913974777158147;0,03237008733624454
TEMU3684052;40';2,0;WMFIM250697;YNS;2025-05-03;2025-03-04;nan;Entregue;72,25;665,27;332,635;2232,0;20552,0;0,10860252228418538;0,03237007168458781
TEMU4185957;20';1,0;WMFIM251213;YNS;;;FCL;Entregue;1050,0;3150,0;3150,0;28728,0;93107,0;0,3333333333333333;0,03654970760233918
TEMU4185957;20';1,0;WMFIM251213;YNS;;;FCL;Entregue;1050,0;3150,0;3150,0;13860,0;93107,0;0,3333333333333333;0,07575757575757576
TEMU4185957;20';1,0;WMFIM251213;YNS;;;FCL;Entregue;1050,0;3150,0;3150,0;50519,0;93107,0;0,3333333333333333;0,020784259387557156
TEMU4612365;40';2,0;GOC24018-3;Everich;;;FCL;Entregue;;69,12;34,56;30145,5;122702,14;;
TEMU4612365;40';2,0;GOC24071-1;Everich;;;FCL;Entregue;;69,12;34,56;75176,64;122702,14;;
TEMU4612365;40';2,0;GOC24078-1;Newcom;2024-03-09;2024-09-10;LCL;Entregue;69,12;69,12;34,56;8800,0;122702,14;1,0;0,007854545454545454
TEMU4612365;40';2,0;GOC24096-1;BH Unit;;;nan;Entregue;;69,12;34,56;8580,0;122702,14;;
TEMU5137722;20';1,0;GOC25006;BH Unit;2025-07-03;2025-08-03;nan;Entregue;506,07;760,73;760,73;12735,0;22185,0;0,6652425959275958;0,03973851590106007
TEMU5137722;20';1,0;IMFOR00005/25;Parisun;;;nan;Entregue;254,66;760,73;760,73;9450,0;22185,0;0,3347574040724041;0,026948148148148148
TEMU5443951;40';2,0;CMI24000439;Dongguan Alljoyful;;;nan;Entregue;5000,0;11558,439999999999;5779,219999999999;71700,0;154330,0;0,43258432798889823;0,0697350069735007
TEMU5443951;40';2,0;CMI24000441;Newcom;;;nan;Entregue;153,4;11558,439999999999;5779,219999999999;12000,0;154330,0;0,013271687182699398;0,012783333333333334
TEMU5443951;40';2,0;IMFOR00373/24;Parisun;;;nan;Entregue;4390,0;11558,439999999999;5779,219999999999;33250,0;154330,0;0,37980903997425264;0,13203007518796991
TEMU5443951;40';2,0;IMFOR00377/24;YNS;;;nan;Entregue;1191,34;11558,439999999999;5779,219999999999;22100,0;154330,0;0,10307100266125879;0,05390678733031674
TEMU5443951;40';2,0;IMFOR00377/24;YNS;;;nan;Entregue;823,7;11558,439999999999;5779,219999999999;15280,0;154330,0;0,07126394219289109;0,053907068062827225
TEMU6855396;20';1,0;AGLIA0273-26;YCYMO Technology;2026-06-02;2026-11-02;Aéreo;Desembaraço;6000,98;7250,98;7250,98;30700,0;108354,0;0,8276095093352899;0,195471661237785
TEMU6855396;20';1,0;CMI26000649;Lanrun;2026-05-02;;FCL;Em Trânsito;1250,0;7250,98;7250,98;77654,0;108354,0;0,17239049066471016;0,01609704587014191
TEMU7210606;20';1,0;IMFOR00352/24;YNS;2024-11-12;2025-09-01;nan;Entregue;2091,58;10746,34667530314;10746,34667530314;40604,0;125567,6;0,1946317258503108;0,05151167372672643
TEMU7210606;20';1,0;IMFOR00352/24;YNS;2024-11-12;2025-09-01;nan;Entregue;2913,42;10746,34667530314;10746,34667530314;56544,0;125567,6;0,27110794840590013;0,05152483022071307
TEMU7210606;20';1,0;IMP-SEA80234/24;Ningbo Toprank;2024-02-12;2025-08-01;nan;Entregue;5,43;10746,34667530314;10746,34667530314;9000,0;125567,6;0,000505287998244001;0,0006033333333333333
TEMU7210606;20';1,0;IMP-SEA80243/24;AT Express;2024-12-12;2025-09-01;nan;Entregue;5735,91667530314;10746,34667530314;10746,34667530314;19419,6;125567,6;0,533755037745545;0,2953673955850348
TEMU7273233;20';1,0;CAI25002023;Dongguan Alljoyful;2025-01-06;2025-03-06;Aéreo;Entregue;1862,52;14087,42;14087,42;10680,0;195944,9;0,1322115760018513;0,1743932584269663
TEMU7273233;20';1,0;CMI25000473;Lanrun;;2025-07-05;FCL;Entregue;25,9;14087,42;14087,42;1134,4;195944,9;0,001838519757343786;0,022831452750352605
TEMU7273233;20';1,0;CMI25000489;Lanrun;2025-04-05;2025-08-06;FCL;Entregue;8,65;14087,42;14087,42;450,0;195944,9;0,0006140230077615348;0,019222222222222224
TEMU7273233;20';1,0;CMI25000514;YNS;2025-06-06;2025-06-07;FCL;Entregue;3130,35;14087,42;14087,42;71787,0;195944,9;0,22220889275680003;0,04360608466714029
TEMU7273233;20';1,0;WMFIM250890;Yiwu Runhui;;;FCL;Entregue;9060,0;14087,42;14087,42;111893,5;195944,9;0,6431269884762434;0,08096985079562262
TEMU7358113;20';1,0;IMP-02/11127 / IMP-02/11186;Shenzhen Ilinois;;;Aéreo;Entregue;635,49;635,49;635,49;22770,0;22770,0;1,0;0,02790909090909091
TEMU7818496;40';2,0;CMI25000609;Everich;;2025-01-12;FCL;Entregue;2450,0;12500,0;6250,0;71058,0;271078,89;0,196;0,03447887641081933
TEMU7818496;40';2,0;CMI25000610;Everich;;2025-01-12;FCL;Entregue;2450,0;12500,0;6250,0;89053,2;271078,89;0,196;0,027511644724726343
TEMU7818496;40';2,0;IMFOR00206/25;AT Express;;;FCL;Entregue;2500,0;12500,0;6250,0;13243,0;271078,89;0,2;0,18877897757305748
TEMU7818496;40';2,0;IMFOR00206/25;AT Express;;;FCL;Entregue;2500,0;12500,0;6250,0;13250,929999999998;271078,89;0,2;0,18866600306544523
TEMU7818496;40';2,0;WMFIM251180;YNS;2025-02-11;2025-08-12;FCL;Entregue;2600,0;12500,0;6250,0;84473,76;271078,89;0,208;0,030778788584762892
TEMU8351517;20';1,0;IMFOR00029/26;AT Express;;;FCL;Desembaraço;1245,0;2490,0;2490,0;13243,0;26486,0;0,5;0,09401193083138262
TEMU8351517;20';1,0;IMFOR00029/26;AT Express;;;FCL;Desembaraço;1245,0;2490,0;2490,0;13243,0;26486,0;0,5;0,09401193083138262
TEMU8755439;40';2,0;CMI24000446;Lanrun;2025-03-01;;nan;Entregue;477,09;4031,07;2015,535;10013,4;67439,4;0,11835319158436841;0,0476451554916412
TEMU8755439;40';2,0;IMFOR00365/24;YNS;2025-05-01;;nan;Entregue;3553,98;4031,07;2015,535;57426,0;67439,4;0,8816468084156316;0,06188799498485007
TEMU8973915;20';1,0;CMI25000528;Everich;2025-05-07;2025-05-08;FCL;Entregue;14,85;18468,17;18468,17;178,15;245634,95;0,000804086165548617;0,08335672186359809
TEMU8973915;20';1,0;CMI25000531;Lanrun;2025-05-07;2025-05-08;FCL;Entregue;6033,99;18468,17;18468,17;100119,6;245634,95;0,3267237631015959;0,06026781968765356
TEMU8973915;20';1,0;CMI25000532;Everich;;;FCL;Entregue;6700,0;18468,17;18468,17;69045,0;245634,95;0,3627863507862447;0,09703816351654718
TEMU8973915;20';1,0;CMI25000542;Everich;;;LCL;Entregue;4893,08;18468,17;18468,17;75067,2;245634,95;0,264946662284352;0,06518266300061812
TEMU8973915;20';1,0;IMP 02/9671;ITINK Co;2025-03-07;2025-05-07;Aéreo;Entregue;826,25;18468,17;18468,17;1225,0;245634,95;0,044739137662258906;0,6744897959183673
TEMU9548432;20';1,0;GOC25004;Dacen;;;nan;Entregue;1975,84;5900,6;5900,6;2200,0;75250,0;0,33485408263566413;0,8981090909090909
TEMU9548432;20';1,0;IMFOR00378/24;YNS;2025-08-02;;nan;Entregue;1781,05;5900,6;5900,6;33150,0;75250,0;0,3018421855404535;0,05372699849170437
TEMU9548432;20';1,0;IMFOR00378/24;YNS;2025-08-02;;nan;Entregue;2143,71;5900,6;5900,6;39900,0;75250,0;0,3633037318238823;0,053727067669172936
TRHU1009594;40';2,0;CMI25000520;YNS;;;FCL;Entregue;446,32;5996,32;2998,16;9120,0;68120,0;0,07443231848867306;0,048938596491228066
TRHU1009594;40';2,0;WMFIM250912;Dongguan Alljoyful;;;FCL;Entregue;5550,0;5996,32;2998,16;59000,0;68120,0;0,925567681511327;0,0940677966101695
TRHU1527021;40';2,0;02/10250;Dacen;2025-03-09;2025-04-09;Aéreo;Entregue;20685,2;32201,870000000003;16100,935000000001;69960,0;286201,97000000003;0,6423602107579466;0,2956718124642653
TRHU1527021;40';2,0;CAI25002116;Dongguan Soonleader;;;Aéreo;Entregue;5665,76;32201,870000000003;16100,935000000001;26503,29;286201,97000000003;0,17594506157561657;0,2137757236931717
TRHU1527021;40';2,0;CMI25000557;Everich;;2025-03-10;FCL;Entregue;150,90999999999983;32201,870000000003;16100,935000000001;4536,0;286201,97000000003;0,004686373803757354;0,033269400352733645
TRHU1527021;40';2,0;WMFIM251065;YNS;;;FCL;Entregue;2909,12;32201,870000000003;16100,935000000001;94522,16;286201,97000000003;0,09034009515596453;0,03077712147077468
TRHU1527021;40';2,0;WMFIM251065;YNS;;;FCL;Entregue;2790,88;32201,870000000003;16100,935000000001;90680,52;286201,97000000003;0,08666825870671485;0,030777062151827097
TRHU1983738;20';1,0;CMI25000614;Everich;;;FCL;Entregue;1897,22;4297,22;4297,22;94770,19999999995;112370,19999999995;0,44149938797641264;0,0200191621416859
TRHU1983738;20';1,0;WMFIM251198;Ningbo Toprank;;;FCL;Entregue;2400,0;4297,22;4297,22;17600,0;112370,19999999995;0,5585006120235874;0,13636363636363635
TRHU2154126;20';1,0;IMP 02-11869;Shenzhen Ilinois;;;Aéreo;Entregue;440,0;3024,76;3024,76;12600,0;155109,0;0,1454660865655457;0,03492063492063492
TRHU2154126;20';1,0;WMFIM261369;Yushi HongKong;;;FCL;Desembaraço;1084,76;3024,76;3024,76;59437,0;155109,0;0,3586268001428212;0,018250584652657435
TRHU2154126;20';1,0;WMFIM261369;Yushi HongKong;;;FCL;Desembaraço;283,42;3024,76;3024,76;15696,0;155109,0;0,0936999960327431;0,018056829765545363
TRHU2154126;20';1,0;WMFIM261369;Yushi HongKong;;;FCL;Desembaraço;213,35;3024,76;3024,76;11816,0;155109,0;0,07053452174717993;0,018056025727826674
TRHU2154126;20';1,0;WMFIM261369;Yushi HongKong;;;FCL;Desembaraço;1003,23;3024,76;3024,76;55560,0;155109,0;0,33167259551171;0,01805669546436285
TRHU2217071;40';2,0;CMI25000640;Everich;2026-12-01;;FCL;Desembaraço;70,36;309,09000000000003;154,54500000000002;6634,8;29146,019999999997;0,22763596363518715;0,010604690420208597
TRHU2217071;40';2,0;CMI25000640;Everich;2026-12-01;;FCL;Desembaraço;230,93;309,09000000000003;154,54500000000002;21775,92;29146,019999999997;0,7471286680254942;0,010604833228630525
TRHU2217071;40';2,0;CMI25000640;Everich;2026-12-01;;FCL;Desembaraço;7,8;309,09000000000003;154,54500000000002;735,3;29146,019999999997;0,02523536833931864;0,010607915136678907
TRHU2737893;20';1,0;CMI26000652;Lanrun;2026-12-02;;FCL;Em Trânsito;1250,0;3785,11;3785,11;78940,0;182864,58000000002;0,33024139324880913;0,01583481124904991
TRHU2737893;20';1,0;CMI26000652;Lanrun;2026-12-02;;FCL;Em Trânsito;41,58;3785,11;3785,11;2624,0;182864,58000000002;0,010985149705028386;0,015846036585365854
TRHU2737893;20';1,0;CMI26000655;Everich;2026-05-02;2026-09-04;FCL;Em Trânsito;589,31;3785,11;3785,11;41563,5;182864,58000000002;0,15569164436436456;0,014178546080094312
TRHU2737893;20';1,0;CMI26000655;Everich;2026-05-02;2026-09-04;FCL;Em Trânsito;659,22;3785,11;3785,11;46494,08;182864,58000000002;0,17416138500598397;0,01417857929439619
TRHU2737893;20';1,0;IMFOR00033/26;AT Express;;2026-01-03;FCL;Desembaraço;1245,0;3785,11;3785,11;13243,0;182864,58000000002;0,3289204276758139;0,09401193083138262
TRHU2795765;20';1,0;CMI26000660;Everich;2026-06-03;2026-12-04;FCL;Booking;996,13;3212,79;3212,79;62582,99999999999;75786,5;0,31005138835715995;0,01591694230062477
TRHU2795765;20';1,0;CMI26000660;Everich;2026-06-03;2026-12-04;FCL;Booking;118,16;3212,79;3212,79;7423,500000000001;75786,5;0,0367780029195808;0,015917020273455915
TRHU2795765;20';1,0;WMFIA261430;Newcom;2026-03-02;2026-05-02;Aéreo;Entregue;2098,5;3212,79;3212,79;5780,0;75786,5;0,6531706087232593;0,3630622837370242
TRHU3253031;20';1,0;CMI26000652;Lanrun;2026-12-02;;FCL;Em Trânsito;1208,42;3123,6;3123,6;76260,0;172831,5;0,38686771673709824;0,0158460529766588
TRHU3253031;20';1,0;WMFIM261414;Yushi HongKong;2026-12-02;;FCL;Em Trânsito;483,52;3123,6;3123,6;23731,5;172831,5;0,1547957484953259;0,02037460758906938
TRHU3253031;20';1,0;WMFIM261414;Yushi HongKong;2026-12-02;;FCL;Em Trânsito;1016,48;3123,6;3123,6;49890,0;172831,5;0,32541938788577285;0,020374423732210864
TRHU3253031;20';1,0;WMFIM261433;Yushi HongKong;2026-02-03;2026-03-04;FCL;Booking;415,18;3123,6;3123,6;22950,0;172831,5;0,13291714688180306;0,018090631808278867
TRHU4684531;40';2,0;IMFOR00369/24;YNS;2025-09-01;2025-05-02;nan;Entregue;1182,1;2930,6000000000004;1465,3000000000002;19240,0;49714,2;0,40336449873745983;0,06143970893970894
TRHU4684531;40';2,0;IMFOR00369/24;YNS;2025-09-01;2025-06-02;nan;Entregue;1245,64;2930,6000000000004;1465,3000000000002;20274,2;49714,2;0,42504606565208486;0,06143966223081552
TRHU4684531;40';2,0;WMFIM240610;Parisun;;2025-03-02;nan;Entregue;502,86;2930,6000000000004;1465,3000000000002;10200,0;49714,2;0,17158943561045517;0,049300000000000004
TRHU5098412;20';1,0;IMFOR00028/26;AT Express;;;FCL;Desembaraço;1245,0;1245,0;1245,0;13243,0;13243,0;1,0;0,09401193083138262
TRHU5130808;40';2,0;CMI25000633;Everich;;2026-12-02;FCL;Entregue;1073,66;3673,66;1836,83;106695,6;260725,80000000002;0,29225894611912917;0,010062832956560533
TRHU5130808;40';2,0;WMFIM251321;Yushi HongKong;2026-08-01;2026-06-02;FCL;Entregue;224,7;3673,66;1836,83;15820,0;260725,80000000002;0,06116515954116603;0,014203539823008848
TRHU5130808;40';2,0;WMFIM251321;Yushi HongKong;2026-08-01;2026-06-02;FCL;Entregue;1075,3;3673,66;1836,83;75034,8;260725,80000000002;0,2927053673992694;0,014330683896005586
TRHU5130808;40';2,0;WMFIM251321;Yushi HongKong;2026-08-01;2026-06-02;FCL;Entregue;1300,0;3673,66;1836,83;63175,4;260725,80000000002;0,3538705269404354;0,020577629900245982
TRHU6159230;40';2,0;CMI25000527;Everich;;2025-04-08;FCL;Entregue;141,05;785,9100000000001;392,95500000000004;2411,95;13438,75;0,17947347660673613;0,05847965339248327
TRHU6159230;40';2,0;CMI25000527;Everich;;2025-04-08;FCL;Entregue;644,86;785,9100000000001;392,95500000000004;11026,8;13438,75;0,8205265233932638;0,05848115500417166
TRHU6279418;40';2,0;CMI25000448;Everich;;;nan;Entregue;5671,22;15263,5;7631,75;82606,8;172351,6;0,3715543617125823;0,06865318593626675
TRHU6279418;40';2,0;CMI25000450;Lanrun;;;nan;Entregue;670,97;15263,5;7631,75;10744,8;172351,6;0,043959118157696465;0,06244602040056586
TRHU6279418;40';2,0;CMI25000452;Newcom;;;nan;Entregue;151,31;15263,5;7631,75;3800,0;172351,6;0,009913191600877912;0,03981842105263158
TRHU6279418;40';2,0;IMFOR00362/24;Parisun;;;nan;Entregue;4350,0;15263,5;7631,75;59800,0;172351,6;0,2849936122121401;0,07274247491638795
TRHU6279418;40';2,0;IMFOR00366/24;Parisun;;;nan;Entregue;4420,0;15263,5;7631,75;15400,000000000002;172351,6;0,28957971631670326;0,287012987012987
TRHU7350753;40';2,0;GOC24028-2;Everich;2024-10-10;;nan;Entregue;;7912,33;3956,165;63456,100000000006;321013,38;;
TRHU7350753;40';2,0;GOC24052-2;YNS;2024-06-10;;nan;Entregue;;7912,33;3956,165;65626,76000000001;321013,38;;
TRHU7350753;40';2,0;GOC24053-1;Parisun;2024-10-10;;nan;Entregue;;7912,33;3956,165;79529,32;321013,38;;
TRHU7350753;40';2,0;GOC24066-3;YNS;2024-06-10;;nan;Entregue;;7912,33;3956,165;11934,0;321013,38;;
TRHU7350753;40';2,0;GOC24070-1;Lanrun;;;FCL;Entregue;7912,33;7912,33;3956,165;100467,2;321013,38;1,0;0,0787553549815263
TRHU7700828;20';1,0;CMI25000453;Everich;;2025-01-03;nan;Entregue;3579,97;14350,3;14350,3;64435,2;235883,28;0,2494700459223849;0,05555922849622567
TRHU7700828;20';1,0;CMI25000453;Everich;;2025-01-03;nan;Entregue;1590,1;14350,3;14350,3;28620,0;235883,28;0,11080604586663693;0,05555904961565339
TRHU7700828;20';1,0;CMI25000453;Everich;;2025-01-03;nan;Entregue;1671,54;14350,3;14350,3;30085,68;235883,28;0,1164811885465809;0,05555932257472658
TRHU7700828;20';1,0;CMI25000453;Everich;;2025-01-03;nan;Entregue;4023,73;14350,3;14350,3;72422,4;235883,28;0,28039344125209925;0,05555919163131849
TRHU7700828;20';1,0;IMFOR00006/25;Max Home;2025-04-02;;nan;Entregue;3484,96;14350,3;14350,3;40320,0;235883,28;0,242849278412298;0,08643253968253968
