processo;embarque;supplier;modal;data_etd;data_entrega;quantidade;valor_produto;frete;impostos;custo_total_real;custo_unitario;variacao_cambial;lead_time_total;dias_desembaraco;pallets;custo_por_pallet;percentual_frete;percentual_impostos
GOC23031;2;Lanrun;Não Informado;12/02/2023;11/07/2023;29134;95694,98;3100,0;182343,36;281138,34;9,65;;149,0;10,0;52,0;5406,51;0,011;0,6486
GOC23031;5;Lanrun;Não Informado;25/12/2023;12/01/2024;24040;83008,8;3100,0;158243,26;244352,06;10,16;0,01;18,0;10,0;54,0;4525,04;0,0127;0,6476
GOC23031;1;Lanrun;Não Informado;20/11/2023;17/01/2024;23440;80868,0;3100,0;156934,01;240902,01;10,28;0,01;58,0;10,0;48,0;5018,79;0,0129;0,6514
GOC23031;3;Lanrun;Não Informado;18/12/2023;31/01/2024;32500;104650,0;3100,0;226144,36;333894,36;10,27;0,0;44,0;10,0;52,0;6421,05;0,0093;0,6773
GOC23031;4;Lanrun;Não Informado;18/12/2023;31/01/2024;29200;95772,0;3100,0;188018,97;286890,97;9,83;0,0;44,0;10,0;54,0;5312,8;0,0108;0,6554
GOC23031;6;Lanrun;Não Informado;15/01/2024;04/03/2024;32700;103803,6;3100,0;201099,67;308003,27;9,42;0,02;49,0;10,0;0,0;;0,0101;0,6529
GOC23031;7;Lanrun;Não Informado;15/01/2024;05/03/2024;35000;103250,0;3100,0;208261,98;314611,98;8,99;-0,01;50,0;10,0;50,0;6292,24;0,0099;0,662
GOC23031;8;Lanrun;Não Informado;14/02/2024;06/04/2024;37120;117744,0;3100,0;241087,4;361931,4;9,75;-0,04;52,0;10,0;51,0;7096,69;0,0086;0,6661
GOC24009;1;Dongguan Alljoyful;Não Informado;20/04/2024;30/05/2024;13400;13106,0;0,0;35901,56;49007,56;3,66;-0,06;40,0;10,0;0,0;;0,0;0,7326
GOC23031;9;Lanrun;Fcl;16/04/2024;03/06/2024;32320;104070,4;4247,0;197967,75;306285,15;9,48;0,06;48,0;10,0;48,0;6380,94;0,0139;0,6464
GOC24014;1;Newcom;Não Informado;23/05/2024;04/06/2024;10;49000,0;2949,3;77375,27;129324,57;12932,46;-0,25;12,0;10,0;0,0;;0,0228;0,5983
GOC24024;1;Lanrun;Aéreo;15/05/2024;11/06/2024;15750;7087,5;0,0;14798,19;21885,69;1,39;-0,24;27,0;10,0;8,0;2735,71;0,0;0,6762
GOC23031;10;Lanrun;Fcl;16/04/2024;24/06/2024;25400;84713,6;4247,0;168771,47;257732,07;10,15;0,31;69,0;12,0;48,0;5369,42;0,0165;0,6548
GOC24002;1;Parisun;Fcl;27/04/2024;03/07/2024;6500;33150,0;0,0;132358,12;165508,12;25,46;0,25;67,0;21,0;23,0;7196,01;0,0;0,7997
GOC24011;1;Newcom;Fcl;25/04/2024;01/07/2024;46700;33624,0;0,0;111955,59;145579,59;3,12;0,19;67,0;18,0;67,0;2172,83;0,0;0,769
GOC23031;11;Lanrun;Fcl;21/05/2024;08/07/2024;41410;87802,5;8900,0;216250,79;312953,29;7,56;0,02;48,0;13,0;55,0;5690,06;0,0284;0,691
GOC24024;2;Lanrun;Fcl;21/05/2024;08/07/2024;13650;6142,5;7497,68;75074,71;88714,89;6,5;-0,13;48,0;13,0;8,0;11089,36;0,0845;0,8462
GOC24012;1;Lanrun;Fcl;19/05/2024;08/07/2024;43080;106239,6;0,0;230834,08;337073,68;7,82;-0,0;50,0;10,0;52,0;6482,19;0,0;0,6848
GOC24033;1;Ismile;Aéreo;24/06/2024;14/07/2024;8800;17512,0;2800,65;55254,68;75567,33;8,59;-0,14;20,0;15,0;0,0;;0,0371;0,7312
GOC24032;1;Dongguan Alljoyful;Aereo E Maritimo;31/05/2024;16/07/2024;76600;35236,0;19737,2;95689,03;150662,23;1,97;0,41;46,0;15,0;24,0;6277,59;0,131;0,6351
GOC24012;3;Lanrun;Fcl;31/05/2024;21/07/2024;18940;61567,8;0,0;223041,68;284609,48;15,03;-0,16;51,0;15,0;37,0;7692,15;0,0;0,7837
GOC24012;2;Lanrun;Fcl;31/05/2024;22/07/2024;26040;95180,0;0,0;235311,3;330491,3;12,69;-0,16;52,0;16,0;57,0;5798,09;0,0;0,712
GOC24048;1;Yns;Lcl;06/06/2024;24/07/2024;2500;15125,0;1794,52;60729,48;77649,0;31,06;-0,17;48,0;18,0;13,0;5973,0;0,0231;0,7821
GOC24027;1;Newcom;Fcl;08/06/2024;26/07/2024;19250;15785,0;206,91;33376,42;49368,33;2,56;0,07;48,0;19,0;0,0;;0,0042;0,6761
GOC24014;2;Newcom;Fcl;03/06/2024;24/07/2024;2;5000,0;0,0;12579,42;17579,42;8789,71;-0,07;51,0;15,0;0,0;;0,0;0,7156
GOC24057;1;Newcom;Não Informado;05/07/2024;29/07/2024;2235;2302,05;1285,32;16682,08;20269,45;9,07;-0,3;24,0;20,0;0,0;;0,0634;0,823
GOC24054;1;Bh Unit;Não Informado;06/07/2024;22/07/2024;12;12300,0;693,0;35905,53;48898,53;4074,88;-0,04;16,0;10,0;0,0;;0,0142;0,7343
GOC24015;1;Parisun;Fcl;11/06/2024;25/07/2024;35881;176299,15;27450,0;699021,55;902770,7;25,16;0,0;44,0;13,0;130,0;6944,39;0,0304;0,7743
GOC24021;1;Newcom;Não Informado;15/06/2024;24/07/2024;15;67800,0;3843,3;98044,97;169688,27;11312,55;0,03;39,0;9,0;0,0;;0,0226;0,5778
GOC24034;1;Dongguan Alljoyful;Não Informado;18/06/2024;27/07/2024;15800;10528,7;50,0;24273,9;34852,6;2,21;0,05;39,0;10,0;0,0;;0,0014;0,6965
GOC24035;1;Dongguan Alljoyful;Aéreo;15/06/2024;24/07/2024;21680;15176,0;2533,95;45180,0;62889,95;2,9;0,18;39,0;5,0;17,0;3699,41;0,0403;0,7184
GOC24012;5;Lanrun;Fcl;14/06/2024;29/07/2024;24320;90360,0;0,0;195511,73;285871,73;11,75;0,12;45,0;10,0;53,0;5393,81;0,0;0,6839
GOC24012;4;Lanrun;Fcl;14/06/2024;03/08/2024;22820;79870,0;0,0;271583,35;351453,35;15,4;0,12;50,0;15,0;36,0;9762,59;0,0;0,7727
GOC24060;1;Dongguan Alljoyful;Aéreo;20/06/2024;07/08/2024;27100;;4925,55;92677,01;97602,56;3,6;0,01;48,0;15,0;0,0;;0,0505;0,9495
GOC23035;1;Parisun;Fcl;08/06/2024;03/08/2024;7500;33000,0;0,0;172899,61;205899,61;27,45;0,23;56,0;10,0;26,0;7919,22;0,0;0,8397
GOC24016;1;Yns;Fcl;26/06/2024;05/08/2024;7000;21820,0;2670,09;85679,02;110169,11;15,74;0,04;40,0;10,0;15,0;7344,61;0,0242;0,7777
GOC24030;1;Yns;Fcl;28/06/2024;05/08/2024;12975;63577,5;7779,91;249645,16;321002,57;24,74;0,09;38,0;10,0;30,0;10700,09;0,0242;0,7777
GOC24037;1;Everich;Fcl;25/05/2024;16/08/2024;10000;4500,0;172,25;15301,74;19973,99;2,0;0,2;83,0;21,0;0,0;;0,0086;0,7661
GOC24012;7;Lanrun;Fcl;23/06/2024;11/08/2024;17240;60740,0;0,0;254635,94;315375,94;18,29;0,16;49,0;15,0;29,0;10875,03;0,0;0,8074
GOC24012;6;Lanrun;Fcl;25/06/2024;11/08/2024;24360;89090,0;0,0;250300,17;339390,17;13,93;0,15;47,0;15,0;50,0;6787,8;0,0;0,7375
GOC24073;1;Newcom;Aéreo;27/06/2024;24/08/2024;2929;3016,87;1604,94;21589,92;26211,73;8,95;-0,11;58,0;15,0;0,0;;0,0612;0,8237
GOC24012;8;Lanrun;Fcl;08/07/2024;27/08/2024;19620;67244,2;0,0;255249,42;322493,62;16,44;-0,13;50,0;14,0;37,0;8716,04;0,0;0,7915
GOC24013;1;Endian;Lcl;11/07/2024;29/08/2024;2000;8360,0;0,0;42997,67;51357,67;25,68;-0,34;49,0;10,0;0,0;;0,0;0,8372
GOC24061;1;Newcom;Não Informado;13/08/2024;03/09/2024;1;4800,0;810,65;9780,42;15391,07;15391,07;-0,15;21,0;15,0;0,0;;0,0527;0,6355
GOC24012;9;Lanrun;Fcl;16/07/2024;06/09/2024;17160;60690,0;0,0;228754,72;289444,72;16,87;0,07;52,0;15,0;30,0;9648,16;0,0;0,7903
GOC24021;2;Newcom;Fcl;23/07/2024;13/09/2024;3;8100,0;3400,0;31789,04;43289,04;14429,68;-0,03;52,0;15,0;0,0;;0,0785;0,7343
GOC24049;1;Newcom;Fcl;23/07/2024;13/09/2024;7500;2850,0;1700,0;8512,8;13062,8;1,74;0,14;52,0;15,0;8,0;1632,85;0,1301;0,6517
GOC24059;1;Newcom;Lcl;23/07/2024;13/09/2024;12000;6600,0;1700,0;19713,84;28013,84;2,33;-0,03;52,0;15,0;0,0;;0,0607;0,7037
GOC24032;2;Dongguan Alljoyful;Fcl;23/07/2024;19/09/2024;94200;51547,0;3400,0;116296,02;171243,02;1,82;-0,03;58,0;21,0;28,0;6115,82;0,0199;0,6791
GOC24040;1;Lanrun;Fcl;13/08/2024;24/09/2024;25100;90445,0;7950,0;234544,45;332939,45;13,26;0,03;42,0;12,0;46,0;7237,81;0,0239;0,7045
GOC24040;2;Lanrun;Fcl;13/08/2024;26/09/2024;37200;98773,2;7950,0;252028,65;358751,85;9,64;0,03;44,0;14,0;45,0;7972,26;0,0222;0,7025
GOC23040;2;At Express;Lcl;28/07/2024;25/09/2024;316;5071,6;16,0;12502,74;17590,34;55,67;-0,0;59,0;12,0;11,0;1599,12;0,0009;0,7108
GOC24036;1;Yiwu Runhui;Lcl;17/08/2024;10/10/2024;17000;21860,0;475,2;81864,41;104199,61;6,13;0,22;54,0;25,0;0,0;;0,0046;0,7856
GOC24055;1;Yiwu Runhui;Lcl;13/08/2024;10/10/2024;10000;17000,0;475,2;81864,41;99339,61;9,93;0,15;58,0;25,0;20,0;4966,98;0,0048;0,8241
GOC24002;2;Parisun;Fcl;09/08/2024;05/10/2024;1000;5050,0;3837,5;15384,55;24272,05;24,27;-0,07;57,0;15,0;4,0;6068,01;0,1581;0,6338
GOC24031;1;Parisun;Fcl;09/08/2024;05/10/2024;31800;109690,0;3837,5;334164,72;447692,22;14,08;-0,07;57,0;15,0;45,0;9948,72;0,0086;0,7464
GOC24064;1;Dongguan Soonleader;Aéreo;19/09/2024;05/10/2024;5840;10116,4;3450,0;45027,96;58594,36;10,03;0,0;16,0;15,0;6,0;9765,73;0,0589;0,7685
GOC24075;1;Shenzhen Zhenxin;Aéreo;17/09/2024;07/10/2024;500000;70000,0;1497,0;57658,22;129155,22;0,26;-0,03;20,0;15,0;0,0;;0,0116;0,4464
GOC24030;2;Yns;Fcl;20/08/2024;15/10/2024;7025;34422,5;3900,0;124190,98;162513,48;23,13;-0,26;56,0;19,0;16,0;10157,09;0,024;0,7642
GOC24044;1;Yns;Fcl;20/08/2024;15/10/2024;11750;58280,0;3900,0;210265,13;272445,13;23,19;-0,26;56,0;19,0;27,0;10090,56;0,0143;0,7718
GOC24044;2;Yns;Fcl;12/08/2024;16/10/2024;4375;21700,0;2083,33;86761,72;110545,05;25,27;-0,16;65,0;15,0;10,0;11054,5;0,0188;0,7849
GOC24045;1;Yns;Fcl;12/08/2024;16/10/2024;8700;49635,0;2083,33;169425,26;221143,59;25,42;-0,16;65,0;15,0;44,0;5025,99;0,0094;0,7661
GOC24051;1;Yns;Fcl;12/08/2024;16/10/2024;300;2340,0;0,0;9355,87;11695,87;38,99;-0,16;65,0;15,0;1,0;11695,87;0,0;0,7999
GOC24077;1;Dongguan Alljoyful;Aéreo;28/09/2024;16/10/2024;17000;16635,0;0,0;60243,0;76878,0;4,52;-0,01;18,0;15,0;0,0;;0,0;0,7836
GOC24089;1;Dongguan Alljoyful;Aéreo;28/09/2024;16/10/2024;16000;12950,0;0,0;46897,91;59847,91;3,74;-0,01;18,0;15,0;0,0;;0,0;0,7836
GOC24078;1;Newcom;Lcl;03/09/2024;30/10/2024;16000;8800,0;69,12;13998,1;22867,22;1,43;0,14;57,0;21,0;32,0;714,6;0,003;0,6121
GOC24096;1;Bh Unit;Não Informado;14/10/2024;16/10/2024;6;8580,0;0,0;26023,17;34603,17;5767,19;0,01;2,0;;0,0;;0,0;0,752
GOC24018;3;Everich;Fcl;15/09/2024;31/10/2024;5775;30145,5;0,0;79551,54;109697,04;19,0;-0,01;46,0;11,0;20,0;5484,85;0,0;0,7252
GOC24071;1;Everich;Fcl;15/09/2024;31/10/2024;24408;75176,64;0,0;158903,85;234080,49;9,59;-0,49;46,0;11,0;32,0;7315,02;0,0;0,6788
GOC24047;1;Parisun;Fcl;08/09/2024;08/11/2024;10900;47960,0;7300,0;179204,25;234464,25;21,51;0,09;61,0;16,0;37,0;6336,87;0,0311;0,7643
GOC24062;1;Max Home;Fcl;14/09/2024;17/11/2024;22140;19704,6;7000,0;86158,78;112863,38;5,1;0,18;64,0;25,0;23,0;4907,1;0,062;0,7634
GOC24050;1;At Express;Fcl;28/09/2024;08/11/2024;1394;18122,0;7200,0;84576,21;109898,21;78,84;-0,03;41,0;15,0;41,0;2680,44;0,0655;0,7696
GOC24050;2;At Express;Fcl;28/09/2024;08/11/2024;1394;18122,0;7200,0;84576,21;109898,21;78,84;-0,03;41,0;15,0;41,0;2680,44;0,0655;0,7696
GOC24050;3;At Express;Fcl;28/09/2024;08/11/2024;1394;18122,0;7200,0;84576,21;109898,21;78,84;-0,03;41,0;15,0;41,0;2680,44;0,0655;0,7696
GOC24040;3;Lanrun;Fcl;23/09/2024;12/11/2024;31400;79936,0;0,0;194836,9;274772,9;8,75;-0,09;50,0;15,0;43,0;6390,07;0,0;0,7091
GOC24052;1;Yns;Fcl;27/09/2024;12/11/2024;19320;73404,0;6887,0;275805,63;356096,63;18,43;-0,38;46,0;15,0;58,0;6139,6;0,0193;0,7745
GOC24018;1;Everich;Fcl;14/08/2024;08/11/2024;13005;67886,1;6950,0;171299,4;246135,5;18,93;0,25;86,0;10,0;47,0;5236,93;0,0282;0,696
GOC24044;3;Yns;Fcl;25/08/2024;08/11/2024;10875;53940,0;3125,0;163328,31;220393,31;20,27;0,05;75,0;10,0;25,0;8815,73;0,0142;0,7411
GOC24051;2;Yns;Fcl;25/08/2024;08/11/2024;700;5460,0;3125,0;16532,68;25117,68;35,88;0,05;75,0;10,0;2,0;12558,84;0,1244;0,6582
GOC24080;1;Everich;Não Informado;14/08/2024;08/11/2024;5910;1669,0;0,0;4211,45;5880,45;0,99;-0,05;86,0;10,0;17,0;345,91;0,0;0,7162
GOC24070;2;Lanrun;Fcl;03/10/2024;12/11/2024;32160;103555,2;6966,0;234697,82;345219,02;10,73;-0,31;40,0;12,0;52,0;6638,83;0,0202;0,6799
GOC24070;3;Lanrun;Fcl;03/10/2024;12/11/2024;23360;81760,0;6950,0;192060,9;280770,9;12,02;-0,31;40,0;12,0;52,0;5399,44;0,0248;0,684
GOC24050;6;At Express;Fcl;03/10/2024;15/11/2024;1394;18752,4;0,0;87477,77;106230,17;76,21;0,03;43,0;15,0;42,0;2529,29;0,0;0,8235
GOC24050;8;At Express;Fcl;03/10/2024;15/11/2024;1394;18122,0;0,0;84543,5;102665,5;73,65;0,03;43,0;15,0;42,0;2444,42;0,0;0,8235
GOC24050;4;At Express;Fcl;03/10/2024;21/11/2024;1394;19032,4;0,0;89618,17;108650,57;77,94;0,03;49,0;21,0;42,0;2586,92;0,0;0,8248
GOC24050;5;At Express;Fcl;03/10/2024;21/11/2024;1394;18602,0;0,0;87583,96;106185,96;76,17;0,03;49,0;21,0;43,0;2469,44;0,0;0,8248
GOC24050;7;At Express;Fcl;03/10/2024;25/11/2024;1394;18122,0;0,0;84540,98;102662,98;73,65;0,03;53,0;25,0;41,0;2503,98;0,0;0,8235
GOC24063;1;Dongguan Alljoyful;Fcl;06/10/2024;12/12/2024;123248;67028,96;0,0;156632,38;223661,34;1,81;0,3;67,0;42,0;35,0;6390,32;0,0;0,7003
GOC24077;2;Dongguan Alljoyful;Fcl;06/10/2024;13/12/2024;5000;8550,0;0,0;16373,7;24923,7;4,98;0,3;68,0;43,0;0,0;;0,0;0,657
GOC24089;2;Dongguan Alljoyful;Fcl;06/10/2024;13/12/2024;15000;13620,0;0,0;26083,01;39703,01;2,65;0,3;68,0;43,0;0,0;;0,0;0,657
GOC24064;2;Dongguan Soonleader;Lcl;08/10/2024;21/11/2024;16160;27003,6;0,0;60408,38;87411,98;5,41;0,19;44,0;18,0;12,0;7284,33;0,0;0,6911
GOC24018;2;Everich;Fcl;21/09/2024;24/11/2024;8685;45335,7;0,0;97208,33;142544,03;16,41;0,0;64,0;15,0;30,0;4751,47;0,0;0,682
GOC24028;1;Everich;Fcl;21/09/2024;24/11/2024;6600;32142,0;0,0;72552,54;104694,54;15,86;0,0;64,0;15,0;22,0;4758,84;0,0;0,693
GOC24066;1;Yns;Fcl;27/09/2024;02/12/2024;4200;30240,0;0,0;156707,1;186947,1;44,51;-0,46;66,0;23,0;44,0;4248,8;0,0;0,8382
GOC24066;2;Yns;Fcl;27/09/2024;02/12/2024;4200;30240,0;0,0;156707,1;186947,1;44,51;-0,39;66,0;23,0;44,0;4248,8;0,0;0,8382
GOC24083;1;Yiwu Runhui;Lcl;05/10/2024;27/11/2024;15000;19050,0;0,0;43560,2;62610,2;4,17;0,26;53,0;15,0;30,0;2087,01;0,0;0,6957
GOC24079;1;Newcom;Não Informado;10/10/2024;27/11/2024;30000;24000,0;0,0;74195,9;98195,9;3,27;0,1;48,0;13,0;15,0;6546,39;0,0;0,7556
GOC24052;2;Yns;Não Informado;06/10/2024;29/11/2024;18052;65626,76;0,0;235780,94;301407,7;16,7;-0,33;54,0;15,0;52,0;5796,3;0,0;0,7823
GOC24066;3;Yns;Não Informado;06/10/2024;29/11/2024;7800;11934,0;0,0;48633,87;60567,87;7,77;-0,33;54,0;15,0;5,0;12113,57;0,0;0,803
GOC24070;1;Lanrun;Fcl;15/10/2024;30/11/2024;32480;100467,2;7912,33;243439,92;351819,45;10,83;-0,28;46,0;15,0;49,0;7179,99;0,0225;0,6919
GOC24028;2;Everich;Não Informado;10/10/2024;02/12/2024;13030;63456,1;0,0;70069,47;133525,57;10,25;0,03;53,0;15,0;43,0;3105,25;0,0;0,5248
GOC24053;1;Parisun;Não Informado;10/10/2024;02/12/2024;11798;79529,32;0,0;302243,97;381773,29;32,36;-0,25;53,0;15,0;76,0;5023,33;0,0;0,7917
GOC24071;2;Everich;Não Informado;10/10/2024;02/12/2024;13368;41173,44;0,0;49677,38;90850,82;6,8;-0,25;53,0;15,0;17,0;5344,17;0,0;0,5468
GOC24072;1;Parisun;Não Informado;10/10/2024;02/12/2024;5900;25960,0;0,0;56730,2;82690,2;14,02;-0,25;53,0;15,0;22,0;3758,65;0,0;0,6861
GOC24046;1;Yns;Não Informado;22/10/2024;17/12/2024;8160;33129,6;0,0;122459,3;155588,9;19,07;-0,5;56,0;30,0;25,0;6223,56;0,0;0,7871
GOC24066;5;Yns;Não Informado;22/10/2024;17/12/2024;4200;30240,0;0,0;109853,73;140093,73;33,36;-0,27;56,0;30,0;44,0;3183,95;0,0;0,7841
GOC24066;4;Yns;Não Informado;22/10/2024;17/12/2024;19872;39397,12;0,0;106114,05;145511,17;7,32;-0,22;56,0;30,0;27,0;5389,3;0,0;0,7293
GOC24066;6;Yns;Não Informado;22/10/2024;17/12/2024;4200;30240,0;0,0;109853,73;140093,73;33,36;-0,22;56,0;30,0;44,0;3183,95;0,0;0,7841
GOC24093;1;Newcom;Não Informado;21/11/2024;18/12/2024;6;28500,0;3111,6;54334,46;85946,06;14324,34;-0,16;27,0;22,0;0,0;;0,0362;0,6322
GOC24052;3;Yns;Não Informado;24/10/2024;17/12/2024;19640;73458,0;0,0;302839,0;376297,0;19,16;-0,08;54,0;18,0;57,0;6601,7;0,0;0,8048
GOC24066;8;Yns;Não Informado;24/10/2024;17/12/2024;4200;30240,0;0,0;124667,86;154907,86;36,88;-0,08;54,0;18,0;44,0;3520,63;0,0;0,8048
GOC24066;7;Yns;Não Informado;24/10/2024;17/12/2024;4200;30240,0;0,0;124667,86;154907,86;36,88;-0,04;54,0;18,0;44,0;3520,63;0,0;0,8048
GOC24052;5;Yns;Não Informado;23/10/2024;18/12/2024;14508;42751,04;0,0;129836,96;172588,0;11,9;-0,12;56,0;19,0;31,0;5567,35;0,0;0,7523
GOC24052;4;Yns;Não Informado;24/10/2024;18/12/2024;10780;29491,0;0,0;137589,95;167080,95;15,5;-0,12;55,0;19,0;23,0;7264,39;0,0;0,8235
GOC24066;9;Yns;Não Informado;24/10/2024;18/12/2024;13560;34229,84;0,0;118541,76;152771,6;11,27;-0,08;55,0;19,0;33,0;4629,44;0,0;0,7759
GOC24074;1;Yns;Não Informado;23/10/2024;18/12/2024;5300;30899,0;0,0;166206,06;197105,06;37,19;-0,12;56,0;19,0;27,0;7300,19;0,0;0,8432
GOC24018;4;Everich;Não Informado;20/10/2024;26/12/2024;13830;72192,6;0,0;178198,53;250391,13;18,1;0,2;67,0;27,0;48,0;5216,48;0,0;0,7117
GOC24071;3;Everich;Não Informado;26/10/2024;19/12/2024;39648;122115,84;0,0;281609,63;403725,47;10,18;0,12;54,0;18,0;51,0;7916,19;0,0;0,6975
GOC24041;1;Ansheng;Não Informado;26/10/2024;20/12/2024;19800;68346,0;0,0;182935,37;251281,37;12,69;0,2;55,0;19,0;37,0;6791,39;0,0;0,728
GOC24041;2;Ansheng;Não Informado;26/10/2024;20/12/2024;10848;36686,4;0,0;111388,18;148074,58;13,65;0,2;55,0;19,0;19,0;7793,4;0,0;0,7522
GOC24070;4;Lanrun;Não Informado;21/10/2024;19/12/2024;30920;96933,2;6981,52;236575,1;340489,82;11,01;0,1;59,0;15,0;47,0;7244,46;0,0205;0,6948
GOC24105;1;Lanrun;Não Informado;21/10/2024;19/12/2024;12390;2478,0;178,48;5897,05;8553,53;0,69;0,1;59,0;15,0;13,0;657,96;0,0209;0,6894
GOC24028;3;Everich;Não Informado;05/11/2024;26/12/2024;17190;83715,3;7425,0;217573,18;308713,48;17,96;0,0;51,0;20,0;56,0;5512,74;0,0241;0,7048
GOC24074;2;Yns;Não Informado;06/11/2024;30/12/2024;17220;90084,6;6050,0;360671,17;456805,77;26,53;0,16;54,0;19,0;55,0;8305,56;0,0132;0,7896
GOC24069;1;Lanrun;Não Informado;01/11/2024;03/01/2025;18480;8316,0;537,44;22984,69;31838,13;1,72;0,1;63,0;23,0;7,0;4548,3;0,0169;0,7219
GOC24070;5;Lanrun;Não Informado;01/11/2024;03/01/2025;30600;93034,8;6012,56;232264,74;331312,1;10,83;0,1;63,0;23,0;46,0;7202,44;0,0181;0,701
GOC24053;2;Parisun;Não Informado;10/11/2024;07/01/2025;23492;141975,28;13738,58;616697,76;772411,62;32,88;0,37;58,0;19,0;129,0;5987,69;0,0178;0,7984
GOC24070;6;Lanrun;Não Informado;11/11/2024;07/01/2025;32800;85297,6;5640,1;214052,28;304989,98;9,3;0,3;57,0;19,0;48,0;6353,96;0,0185;0,7018
GOC24098;1;Lanrun;Não Informado;11/11/2024;07/01/2025;15456;6955,2;459,9;17453,91;24869,0;1,61;0,3;57,0;19,0;5,0;4973,8;0,0185;0,7018
GOC24074;3;Yns;Não Informado;15/11/2024;13/01/2025;10700;53072,0;2568,11;219518,42;275158,53;25,72;0,43;59,0;25,0;25,0;11006,34;0,0093;0,7978
GOC24084;1;Yns;Não Informado;15/11/2024;13/01/2025;15100;68856,0;3331,89;221805,97;293993,86;19,47;0,43;59,0;25,0;26,0;11307,46;0,0113;0,7545
GOC24072;2;Parisun;Não Informado;19/11/2024;14/01/2025;12100;53240,0;5750,0;232793,73;291783,73;24,11;0,47;56,0;18,0;43,0;6785,67;0,0197;0,7978
GOC24099;1;Lanrun;Não Informado;27/11/2024;16/01/2025;49080;120450,0;0,0;106549,22;226999,22;4,63;0,37;50,0;17,0;63,0;3603,16;0,0;0,4694
GOC24104;1;Lanrun;Não Informado;27/11/2024;16/01/2025;24880;85579,2;0,0;210261,79;295840,99;11,89;0,37;50,0;17,0;51,0;5800,8;0,0;0,7107
GOC24104;2;Lanrun;Não Informado;27/11/2024;16/01/2025;14640;47140,8;0,0;117114,7;164255,5;11,22;0,37;50,0;17,0;23,0;7141,54;0,0;0,713
GOC24104;3;Lanrun;Não Informado;04/12/2024;24/01/2025;31560;64698,0;5150,0;222274,83;292122,83;9,26;0,41;51,0;19,0;33,0;8852,21;0,0176;0,7609
GOC24086;1;Ningbo Toprank;Não Informado;02/12/2024;05/02/2025;9000;9000,0;5,43;26943,06;35948,49;3,99;0,3;65,0;28,0;0,0;;0,0002;0,7495
GOC24091;2;Yns;Não Informado;11/12/2024;06/02/2025;6800;40604,0;2091,58;94549,26;137244,84;20,18;0,24;57,0;28,0;20,0;6862,24;0,0152;0,6889
GOC24092;2;Yns;Não Informado;11/12/2024;06/02/2025;11400;56544,0;2913,42;207966,79;267424,21;23,46;0,24;57,0;28,0;26,0;10285,55;0,0109;0,7777
GOC24050;9;At Express;Não Informado;12/12/2024;28/01/2025;1394;19419,6;5735,92;50562,64;75718,16;54,32;-0,06;47,0;19,0;43,0;1760,89;0,0758;0,6678
GOC24050;10;At Express;Não Informado;12/12/2024;28/01/2025;1394;18122,0;5352,65;47190,58;70665,23;50,69;-0,06;47,0;19,0;41,0;1723,54;0,0757;0,6678
GOC24050;11;At Express;Não Informado;12/12/2024;28/01/2025;1394;20352,4;6011,44;52986,7;79350,53;56,92;-0,06;47,0;19,0;41,0;1935,38;0,0758;0,6678
GOC24018;5;Everich;Não Informado;10/12/2024;30/01/2025;6675;34843,5;2302,52;78907,49;116053,5;17,39;-0,07;51,0;18,0;24,0;4835,56;0,0198;0,6799
GOC24028;4;Everich;Não Informado;10/12/2024;30/01/2025;1350;6574,5;434,45;14980,49;21989,44;16,29;-0,07;51,0;18,0;5,0;4397,89;0,0198;0,6813
GOC24071;4;Everich;Não Informado;10/12/2024;30/01/2025;4496;13847,68;915,08;38627,12;53389,88;11,87;0,23;51,0;18,0;10,0;5338,99;0,0171;0,7235
GOC24080;2;Everich;Não Informado;10/12/2024;31/01/2025;21240;13128,7;861,58;29720,29;43710,58;2,06;0,23;52,0;19,0;37,0;1181,37;0,0197;0,6799
GOC24103;1;Everich;Não Informado;10/12/2024;31/01/2025;12190;6216,9;407,99;18975,19;25600,08;2,1;0,08;52,0;19,0;3,0;8533,36;0,0159;0,7412
GOC24110;1;Everich;Não Informado;10/12/2024;31/01/2025;6000;3480,0;228,38;7877,9;11586,28;1,93;-0,07;52,0;19,0;3,0;3862,09;0,0197;0,6799
GOC24074;4;Yns;Não Informado;01/12/2024;31/01/2025;6400;31672,0;1790,87;110722,7;144185,57;22,53;0,32;61,0;17,0;15,0;9612,37;0,0124;0,7679
GOC24091;1;Yns;Não Informado;01/12/2024;31/01/2025;4000;35000,0;1979,05;122357,11;159336,17;39,83;0,32;61,0;17,0;16,0;9958,51;0,0124;0,7679
GOC24092;1;Yns;Não Informado;01/12/2024;31/01/2025;11350;54593,5;3086,96;168994,4;226674,86;19,97;0,32;61,0;17,0;26,0;8718,26;0,0136;0,7455
GOC24094;1;Yns;Não Informado;01/12/2024;31/01/2025;5000;23400,0;1323,14;81804,47;106527,61;21,31;0,32;61,0;17,0;17,0;6266,33;0,0124;0,7679
GOC24100;1;Yns;Não Informado;01/12/2024;31/01/2025;3000;12450,0;703,98;43838,81;56992,78;19,0;0,32;61,0;17,0;9,0;6332,53;0,0124;0,7692
GOC24100;2;Yns;Não Informado;01/12/2024;31/01/2025;2900;16907,0;956,0;59105,48;76968,47;26,54;0,32;61,0;17,0;15,0;5131,23;0,0124;0,7679
GOC24050;12;At Express;Não Informado;17/12/2024;04/02/2025;1394;18122,0;5700,0;82220,97;106042,97;76,07;0,04;49,0;19,0;41,0;2586,41;0,0538;0,7754
GOC24050;13;At Express;Não Informado;17/12/2024;04/02/2025;1394;18122,0;5700,0;82220,97;106042,97;76,07;0,0;49,0;19,0;41,0;2586,41;0,0538;0,7754
GOC24050;14;At Express;Não Informado;17/12/2024;04/02/2025;1394;18122,0;5700,0;82220,97;106042,97;76,07;0,0;49,0;19,0;41,0;2586,41;0,0538;0,7754
GOC24104;4;Lanrun;Não Informado;18/12/2024;08/02/2025;39080;80114,0;5050,0;210005,21;295169,21;7,55;0,4;52,0;20,0;43,0;6864,4;0,0171;0,7115
GOC24127;1;Shenzhen Zhenxin;Não Informado;21/01/2025;31/01/2025;1000000;65000,0;2509,59;91465,56;158975,15;0,16;-0,03;10,0;7,0;0,0;;0,0158;0,5753
GOC24134;1;Bh Unit;Não Informado;27/01/2025;06/02/2025;6;8490,0;0,0;26854,91;35344,91;5890,82;0,0;10,0;9,0;0,0;;0,0;0,7598
GOC24050;18;At Express;Não Informado;29/12/2024;20/02/2025;1394;18122,0;5673,45;83005,27;106800,72;76,61;-0,07;53,0;21,0;41,0;2604,9;0,0531;0,7772
GOC24050;19;At Express;Não Informado;29/12/2024;20/02/2025;1394;18291,6;5726,55;83780,5;107798,65;77,33;-0,07;53,0;21,0;45,0;2395,53;0,0531;0,7772
GOC24118;1;Newcom;Não Informado;26/12/2024;21/02/2025;10500;8190,0;158,4;23522,39;31870,79;3,04;0,03;57,0;27,0;49,0;650,42;0,005;0,7381
GOC24092;4;Yns;Não Informado;05/01/2025;12/02/2025;5600;26936,0;1667,02;93241,62;121844,64;21,76;-0,06;38,0;14,0;13,0;9372,66;0,0137;0,7653
GOC24100;4;Yns;Não Informado;05/01/2025;12/02/2025;15700;57426,0;3553,98;197660,75;258640,73;16,47;-0,06;38,0;14,0;42,0;6158,11;0,0137;0,7642
GOC24069;2;Lanrun;Não Informado;03/01/2025;14/02/2025;22252;10013,4;477,09;24591,88;35082,37;1,58;0,03;42,0;15,0;13,0;2698,64;0,0136;0,701
GOC24104;6;Lanrun;Não Informado;03/01/2025;14/02/2025;31000;91450,0;4357,11;224591,76;320398,87;10,34;0,03;42,0;15,0;44,0;7281,79;0,0136;0,701
GOC24092;5;Yns;Não Informado;05/01/2025;14/02/2025;10500;50505,0;3055,96;174006,65;227567,61;21,67;-0,06;40,0;16,0;24,0;9481,98;0,0134;0,7646
GOC24100;5;Yns;Não Informado;05/01/2025;14/02/2025;6810;36838,8;2229,04;126922,01;165989,85;24,37;-0,06;40,0;16,0;26,0;6384,23;0,0134;0,7646
GOC24101;1;Dongguan Alljoyful;Não Informado;07/01/2025;18/02/2025;108950;51079,0;4800,0;136432,76;192311,76;1,77;-0,23;42,0;19,0;34,0;5656,23;0,025;0,7094
GOC24095;1;Parisun;Não Informado;23/12/2024;24/02/2025;2000;10200,0;502,86;42560,05;53262,91;26,63;0,04;63,0;21,0;7,0;7608,99;0,0094;0,7991
GOC24092;6;Yns;Não Informado;09/01/2025;15/02/2025;4000;19240,0;1182,1;64267,13;84689,23;21,17;-0,09;37,0;10,0;9,0;9409,91;0,014;0,7589
GOC24100;6;Yns;Não Informado;09/01/2025;16/02/2025;3590;20274,2;1245,64;67721,65;89241,49;24,86;-0,12;38,0;10,0;18,0;4957,86;0,014;0,7589
GOC24115;1;Yns;Não Informado;09/01/2025;15/02/2025;10230;40920,0;2514,1;136684,55;180118,65;17,61;-0,09;37,0;10,0;18,0;10006,59;0,014;0,7589
GOC24119;1;Yns;Não Informado;09/01/2025;15/02/2025;1300;8450,0;519,16;28225,43;37194,59;28,61;-0,09;37,0;10,0;7,0;5313,51;0,014;0,7589
GOC24104;5;Lanrun;Não Informado;06/01/2025;22/02/2025;36960;91032,0;5200,0;216405,61;312637,61;8,46;-0,15;47,0;16,0;47,0;6651,86;0,0166;0,6922
GOC24018;7;Everich;Não Informado;05/01/2025;13/03/2025;6000;30720,0;1909,94;73328,01;105957,95;17,66;-0,18;67,0;30,0;20,0;5297,9;0,018;0,692
GOC24028;6;Everich;Não Informado;05/01/2025;13/03/2025;8565;40855,05;2540,06;97520,16;140915,27;16,45;-0,18;67,0;30,0;27,0;5219,08;0,018;0,692
GOC24110;2;Everich;Não Informado;05/01/2025;13/03/2025;4000;2320,0;170,22;11062,48;13552,7;3,39;-0,03;67,0;30,0;2,0;6776,35;0,0126;0,8163
GOC24092;3;Yns;Não Informado;11/01/2025;04/03/2025;9050;43530,5;2342,28;156231,85;202104,63;22,33;-0,1;52,0;28,0;21,0;9624,03;0,0116;0,773
GOC24094;2;Yns;Não Informado;11/01/2025;04/03/2025;3300;15444,0;831,01;55428,83;71703,84;21,73;-0,1;52,0;28,0;12,0;5975,32;0,0116;0,773
GOC24100;3;Yns;Não Informado;11/01/2025;04/03/2025;11800;34488,0;1855,72;123778,14;160121,86;13,57;-0,1;52,0;28,0;24,0;6671,74;0,0116;0,773
GOC24106;1;Heyin;Não Informado;10/01/2025;06/03/2025;35000;188150,0;4571,0;381795,17;574516,17;16,41;-0,02;55,0;23,0;7,0;82073,74;0,008;0,6646
GOC24018;6;Everich;Não Informado;09/01/2025;10/02/2025;10455;53529,6;2304,0;126317,32;182150,92;17,42;0,0;32,0;15,0;35,0;5204,31;0,0126;0,6935
GOC24028;5;Everich;Não Informado;09/01/2025;10/02/2025;3390;16170,3;696,0;38158,12;55024,42;16,23;0,0;32,0;15,0;11,0;5002,22;0,0126;0,6935
GOC24050;15;At Express;Não Informado;06/01/2025;25/02/2025;1394;18122,0;5700,0;79425,94;103247,94;74,07;-0,19;50,0;21,0;41,0;2518,24;0,0552;0,7693
GOC24050;16;At Express;Não Informado;06/01/2025;25/02/2025;1394;18122,0;5700,0;79425,94;103247,94;74,07;-0,19;50,0;21,0;41,0;2518,24;0,0552;0,7693
GOC24050;17;At Express;Não Informado;06/01/2025;25/02/2025;1394;18122,0;5700,0;79425,94;103247,94;74,07;-0,19;50,0;21,0;41,0;2518,24;0,0552;0,7693
GOC24097;1;Everich;Não Informado;06/01/2025;05/03/2025;24064;82275,44;4450,0;193497,5;280222,94;11,64;-0,15;58,0;21,0;49,0;5718,84;0,0159;0,6905
GOC24109;1;Yiwu Runhui;Não Informado;06/01/2025;08/03/2025;22800;38950,0;4424,0;149903,3;193277,3;8,48;-0,34;61,0;24,0;46,0;4201,68;0,0229;0,7756
GOC24018;8;Everich;Não Informado;15/01/2025;07/03/2025;9960;50995,2;3500,99;116642,25;171138,44;17,18;-0,08;51,0;17,0;35,0;4889,67;0,0205;0,6816
GOC24028;7;Everich;Não Informado;15/01/2025;02/03/2025;4290;20463,3;1404,87;46806,08;68674,25;16,01;0,0;46,0;17,0;15,0;4578,28;0,0205;0,6816
GOC24097;2;Everich;Não Informado;15/01/2025;02/03/2025;22584;78366,48;5380,11;186170,14;269916,73;11,95;-0,1;46,0;17,0;48,0;5623,27;0,0199;0,6897
GOC24097;3;Everich;Não Informado;15/01/2025;02/03/2025;25340;86764,72;5956,68;191537,47;284258,87;11,22;-0,1;46,0;17,0;54,0;5264,05;0,021;0,6738
GOC24108;1;Everich;Não Informado;15/01/2025;02/03/2025;24216;82606,8;5671,22;199361,38;287639,4;11,88;-0,1;46,0;17,0;48,0;5992,49;0,0197;0,6931
GOC24102;1;Parisun;Não Informado;13/01/2025;16/03/2025;3500;15400,0;4420,0;85080,25;104900,25;29,97;-0,13;62,0;25,0;12,0;8741,69;0,0421;0,8111
GOC24095;2;Parisun;Não Informado;16/01/2025;17/03/2025;12000;59800,0;4350,0;208258,33;272408,33;22,7;-0,1;60,0;22,0;41,0;6644,11;0,016;0,7645
GOC24133;1;Newcom;Não Informado;27/01/2025;19/03/2025;10000;3800,0;151,31;17579,47;21530,78;2,15;-0,14;51,0;24,0;10,0;2153,08;0,007;0,8165
GOC24090;1;Lanrun;Não Informado;25/01/2025;12/03/2025;2960;10744,8;670,97;32320,04;43735,81;14,78;0,05;46,0;20,0;8,0;5466,98;0,0153;0,739
GOC24124;1;Lanrun;Não Informado;25/01/2025;12/03/2025;23400;81900,0;4299,42;244365,11;330564,53;14,13;0,05;46,0;20,0;49,0;6746,21;0,013;0,7392
GOC24124;2;Lanrun;Não Informado;25/01/2025;12/03/2025;29560;84214,0;5258,84;108852,43;198325,27;6,71;0,05;46,0;20,0;41,0;4837,2;0,0265;0,5489
GOC24104;7;Lanrun;Não Informado;19/01/2025;12/03/2025;24760;85117,2;5350,0;189760,52;280227,72;11,32;-0,1;52,0;20,0;51,0;5494,66;0,0191;0,6772
GOC24115;2;Yns;Não Informado;28/01/2025;05/03/2025;13820;55280,0;2979,97;185115,06;243375,03;17,61;0,15;36,0;20,0;24,0;10140,63;0,0122;0,7606
GOC24119;2;Yns;Não Informado;28/01/2025;05/03/2025;3400;22100,0;1191,34;74005,84;97297,18;28,62;0,15;36,0;20,0;18,0;5405,4;0,0122;0,7606
GOC24121;1;Yns;Não Informado;28/01/2025;05/03/2025;3820;15280,0;823,7;51167,84;67271,54;17,61;0,15;36,0;20,0;7,0;9610,22;0,0122;0,7606
GOC24101;2;Dongguan Alljoyful;Não Informado;30/01/2025;19/03/2025;212500;71700,0;5000,0;159776,65;236476,65;1,11;-0,04;48,0;21,0;80,0;2955,96;0,0211;0,6757
GOC24126;1;Newcom;Não Informado;25/01/2025;19/03/2025;15000;12000,0;153,4;48736,62;60890,02;4,06;0,06;53,0;21,0;8,0;7611,25;0,0025;0,8004
GOC24111;1;Parisun;Não Informado;25/01/2025;20/03/2025;9500;33250,0;4390,0;134744,97;172384,97;18,15;0,19;54,0;21,0;19,0;9072,89;0,0255;0,7817
GOC24111;2;Parisun;Não Informado;24/01/2025;11/04/2025;2700;9450,0;254,66;35966,44;45671,1;16,92;0,2;77,0;42,0;6,0;7611,85;0,0056;0,7875
GOC25006;1;Bh Unit;Não Informado;07/03/2025;28/03/2025;9;12735,0;506,07;39563,21;52804,28;5867,14;-0,09;21,0;20,0;0,0;;0,0096;0,7492
GOC24028;8;Everich;Não Informado;04/02/2025;22/03/2025;3900;18603,0;1045,09;40742,91;60391,0;15,48;-0,02;46,0;16,0;13,0;4645,46;0,0173;0,6747
GOC24097;4;Everich;Não Informado;04/02/2025;22/03/2025;3920;12857,6;722,32;28159,76;41739,68;10,65;0,05;46,0;16,0;7,0;5962,81;0,0173;0,6747
GOC24097;5;Everich;Não Informado;04/02/2025;22/03/2025;10840;35809,04;2011,7;78426,3;116247,04;10,72;0,05;46,0;16,0;17,0;6838,06;0,0173;0,6747
GOC24108;2;Everich;Não Informado;04/02/2025;22/03/2025;16848;56219,04;3158,3;123126,77;182504,11;10,83;0,05;46,0;16,0;29,0;6293,25;0,0173;0,6747
GOC24108;3;Everich;Não Informado;04/02/2025;22/03/2025;14760;50514,96;2837,85;110634,11;163986,92;11,11;0,05;46,0;16,0;32,0;5124,59;0,0173;0,6747
GOC24062;2;Max Home;Não Informado;04/02/2025;16/05/2025;1860;1562,4;135,04;4309,34;6006,78;3,23;0,01;101,0;26,0;2,0;3003,39;0,0225;0,7174
GOC24125;1;Max Home;Não Informado;04/02/2025;16/05/2025;48000;40320,0;3484,96;111208,81;155013,77;3,23;0,01;101,0;26,0;50,0;3100,28;0,0225;0,7174
GOC24018;9;Everich;Não Informado;30/01/2025;16/03/2025;12585;64435,2;3579,97;150977,6;218992,77;17,4;-0,05;45,0;15,0;42,0;5214,11;0,0163;0,6894
GOC24028;9;Everich;Não Informado;30/01/2025;16/03/2025;6000;28620,0;1590,1;67059,29;97269,39;16,21;-0,05;45,0;15,0;19,0;5119,44;0,0163;0,6894
GOC24108;4;Everich;Não Informado;30/01/2025;16/03/2025;9096;30085,68;1671,54;70493,51;102250,73;11,24;0,17;45,0;15,0;15,0;6816,72;0,0163;0,6894
GOC24108;5;Everich;Não Informado;30/01/2025;16/03/2025;22080;72422,4;4023,73;169692,34;246138,47;11,15;0,17;45,0;15,0;33,0;7458,74;0,0163;0,6894
GOC24116;1;Everich;Não Informado;30/01/2025;16/03/2025;6904;27270,8;1515,14;63897,99;92683,93;13,42;0,17;45,0;15,0;14,0;6620,28;0,0163;0,6894
GOC24116;2;Everich;Não Informado;30/01/2025;16/03/2025;5496;21709,2;1206,14;50866,65;73781,99;13,42;0,17;45,0;15,0;12,0;6148,5;0,0163;0,6894
GOC24115;3;Yns;Não Informado;08/02/2025;02/04/2025;4980;19920,0;1070,24;80076,63;101066,87;20,29;0,01;53,0;16,0;9,0;11229,65;0,0106;0,7923
GOC24119;3;Yns;Não Informado;08/02/2025;02/04/2025;5100;33150,0;1781,05;133260,05;168191,1;32,98;0,01;53,0;16,0;26,0;6468,89;0,0106;0,7923
GOC24123;1;Yns;Não Informado;08/02/2025;02/04/2025;8400;39900,0;2143,71;160394,45;202438,16;24,1;0,13;53,0;16,0;19,0;10654,64;0,0106;0,7923
GOC25004;1;Dacen;Não Informado;13/03/2025;21/03/2025;40;2200,0;1975,84;6848,33;11024,17;275,6;0,0;8,0;7,0;0,0;;0,1792;0,6212
GOC24112;1;Parisun;Não Informado;06/02/2025;04/04/2025;4000;21600,0;4390,0;112542,46;138532,46;34,63;0,02;57,0;15,0;20,0;6926,62;0,0317;0,8124
GOC24136;1;Newcom;Não Informado;21/02/2025;22/04/2025;10400;7176,0;284,49;22130,77;29591,26;2,85;-0,0;60,0;25,0;0,0;;0,0096;0,7479
GOC24137;1;Newcom;Não Informado;21/02/2025;22/04/2025;24000;13200,0;523,31;40708,78;54432,09;2,27;-0,0;60,0;25,0;48,0;1134,0;0,0096;0,7479
GOC24112;2;Parisun;Não Informado;29/01/2025;17/04/2025;700;3780,0;248,37;15253,25;19281,62;27,55;0,07;78,0;19,0;4,0;4820,41;0,0129;0,7911
GOC24122;1;Parisun;Não Informado;29/01/2025;17/04/2025;15000;66000,0;4336,63;266326,66;336663,29;22,44;0,07;78,0;19,0;50,0;6733,27;0,0129;0,7911
GOC24116;3;Everich;Não Informado;03/03/2025;22/04/2025;15600;61620,0;1904,29;139383,96;202908,25;13,01;-0,01;50,0;20,0;34,0;5967,89;0,0094;0,6869
GOC24108;6;Everich;Não Informado;03/03/2025;22/04/2025;8184;26843,52;829,57;60719,83;88392,92;10,8;-0,01;50,0;20,0;13,0;6799,46;0,0094;0,6869
GOC24018;12;Everich;Não Informado;03/03/2025;22/04/2025;1050;5376,0;166,14;12160,47;17702,61;16,86;0,03;50,0;20,0;4,0;4425,65;0,0094;0,6869
GOC24111;3;Parisun;Não Informado;02/03/2025;24/04/2025;7100;24850,0;448,52;95974,4;121272,92;17,08;-0,04;53,0;21,0;15,0;8084,86;0,0037;0,7914
GOC24123;2;Yns;Não Informado;05/03/2025;17/04/2025;11875;55457,25;1795,17;185904,99;243157,41;20,48;0,21;43,0;14,0;46,0;5286,03;0,0074;0,7645
GOC24121;2;Yns;Não Informado;05/03/2025;17/04/2025;4580;18320,0;593,02;61412,7;80325,72;17,54;-0,01;43,0;14,0;8,0;10040,71;0,0074;0,7645
GOC24123;3;Yns;Não Informado;05/03/2025;17/04/2025;400;2232,0;72,25;7482,16;9786,41;24,47;0,21;43,0;14,0;2,0;4893,2;0,0074;0,7645
GOC24115;4;Yns;Não Informado;05/03/2025;17/04/2025;24170;96680,0;3129,56;324092,77;423902,33;17,54;-0,01;43,0;14,0;41,0;10339,08;0,0074;0,7645
GOC24123;4;Yns;Não Informado;15/03/2025;30/04/2025;21025;86065,75;2450,0;345819,91;434335,66;20,66;0,3;46,0;20,0;56,0;7755,99;0,0056;0,7962
GOC24018;10;Everich;Não Informado;18/03/2025;09/05/2025;2175;11136,0;423,46;25430,73;36990,19;17,01;-0,0;52,0;19,0;8,0;4623,77;0,0114;0,6875
GOC24028;10;Everich;Não Informado;18/03/2025;09/05/2025;14205;67757,85;2576,54;155420,36;225754,75;15,89;-0,0;52,0;19,0;47,0;4803,29;0,0114;0,6884
GOC24124;3;Lanrun;Fcl;18/03/2025;04/07/2025;31560;97442,8;2550,0;99986,45;199979,25;6,34;0,31;108,0;75,0;51,0;3921,16;0,0128;0,5
GOC24130;1;Lanrun;Fcl;29/03/2025;04/07/2025;24240;80780,0;1844,1;184044,24;266668,34;11,0;0,31;97,0;58,0;54,0;4938,3;0,0069;0,6902
GOC24114;1;Everich;Fcl;17/04/2025;09/06/2025;10008;45536,4;1276,25;101578,37;148391,02;14,83;0,1;53,0;17,0;17,0;8728,88;0,0086;0,6845
GOC24050;20;At Express;Fcl;14/03/2025;02/07/2025;1394;18122,0;2756,56;60245,95;81124,51;58,2;-0,3;110,0;23,0;42,0;1931,54;0,034;0,7426
GOC24050;21;At Express;Fcl;14/03/2025;02/07/2025;1394;18693,2;2843,44;60245,95;81782,59;58,67;-0,3;110,0;23,0;43,0;1901,92;0,0348;0,7367
GOC24050;22;At Express;Fcl;14/03/2025;04/07/2025;1394;18122,0;2800,0;60278,27;81200,27;58,25;-0,3;112,0;25,0;43,0;1888,38;0,0345;0,7423
GOC24050;23;At Express;Fcl;14/03/2025;04/07/2025;1394;18122,0;2800,0;60278,27;81200,27;58,25;-0,3;112,0;25,0;41,0;1980,49;0,0345;0,7423
GOC24107;1;Gocase Int Coöperatief U.A.;Lcl;02/05/2025;09/06/2025;14782;12856,2;25,0;37149,05;50030,25;3,38;0,51;38,0;20,0;0,0;;0,0005;0,7425
GOC24108;7;Everich;Fcl;17/04/2025;09/06/2025;10992;37572,24;1053,03;83812,66;122437,93;11,14;0,1;53,0;17,0;22,0;5565,36;0,0086;0,6845
GOC24123;5;Yns;Fcl;01/04/2025;29/05/2025;17300;76725,0;2085,0;228258,09;307068,09;17,75;0,14;58,0;22,0;54,0;5686,45;0,0068;0,7433
GOC25003;1;Max Home;Fcl;05/04/2025;04/06/2025;72000;60480,0;3900,0;160446,51;224826,51;3,12;-0,25;60,0;19,0;73,0;3079,82;0,0173;0,7136
GOC25005;1;Dongguan Alljoyful;Fcl;01/04/2025;05/06/2025;253100;75473,0;1725,0;163419,19;240617,19;0,95;0,08;65,0;29,0;63,0;3819,32;0,0072;0,6792
GOC24138;1;Yiwu Runhui;Fcl;20/04/2025;16/06/2025;25000;42500,0;1440,0;132170,01;176110,01;7,04;-0,17;57,0;20,0;50,0;3522,2;0,0082;0,7505
GOC24130;2;Lanrun;Fcl;02/04/2025;17/05/2025;34080;69864,0;1625,0;188188,48;259677,48;7,62;0,25;45,0;16,0;38,0;6833,62;0,0063;0,7247
GOC25010;1;Newcom;Aéreo;11/04/2025;12/05/2025;1200;1560,0;555,7;7173,3;9289,0;7,74;0,21;31,0;29,0;1,0;9289,0;0,0598;0,7722
GOC24135;1;Sinovoe;Fcl;23/05/2025;17/07/2025;56160;58968,0;6800,0;190757,43;256525,43;4,57;-0,18;55,0;26,0;167,0;1536,08;0,0265;0,7436
BBI25006;1;Shenzhen Zhenxin;Aéreo;23/04/2025;02/06/2025;1500000;97500,0;3506,92;297408,3;398415,22;0,27;0,0;40,0;38,0;0,0;;0,0088;0,7465
GOC25001;1;Yiwu Runhui;Fcl;27/04/2025;30/06/2025;97000;126760,0;2560,0;368015,04;497335,04;5,13;-0,02;64,0;26,0;192,0;2590,29;0,0051;0,74
GOC24123;6;Yns;Fcl;23/04/2025;12/06/2025;3600;16920,0;301,74;124326,08;141547,82;39,32;0,24;50,0;12,0;8,0;17693,48;0,0021;0,8783
GOC24128;1;Yns;Fcl;23/04/2025;12/06/2025;16730;63827,31;1138,26;124326,08;189291,65;11,31;0,24;50,0;12,0;44,0;4302,08;0,006;0,6568
GOC25005;2;Dongguan Alljoyful;Fcl;20/04/2025;09/06/2025;257550;79994,0;1400,0;184038,71;265432,71;1,03;-0,16;50,0;17,0;68,0;3903,42;0,0053;0,6934
GOC24122;2;Parisun;Fcl;02/05/2025;03/07/2025;18700;87954,0;2332,25;247521,76;337808,01;18,06;0,13;62,0;31,0;69,0;4895,77;0,0069;0,7327
GOC24122;3;Parisun;Fcl;02/05/2025;20/06/2025;22400;120158,0;2770,0;352511,59;475439,59;21,22;0,13;49,0;18,0;87,0;5464,82;0,0058;0,7414
GOC24053;3;Parisun;Fcl;02/05/2025;03/07/2025;2000;15000,0;397,75;48160,48;63558,22;31,78;0,13;62,0;31,0;15,0;4237,22;0,0063;0,7577
GOC25022;1;Newcom;Fcl;04/06/2025;06/08/2025;19;190,0;242,85;3127,13;3559,98;187,37;0,04;63,0;27,0;0,0;;0,0682;0,8784
GOC24018;11;Everich;Fcl;09/05/2025;11/07/2025;13230;68322,6;1151,74;102991,33;172465,67;13,04;-0,07;63,0;12,0;45,0;3832,57;0,0067;0,5972
GOC24132;2;Everich;Fcl;29/04/2025;02/07/2025;26040;85592,0;1400,0;189338,76;276330,76;10,61;0,06;64,0;28,0;49,0;5639,4;0,0051;0,6852
BBI25008;1;Newcom;Não Informado;22/04/2025;14/05/2025;2;9000,0;1129,12;27453,07;37582,19;18791,1;0,04;22,0;19,0;0,0;;0,03;0,7305
GOC24132;3;Everich;Fcl;22/04/2025;12/06/2025;13230;66952,5;1850,0;169362,29;238164,79;18,0;0,16;51,0;13,0;48,0;4961,77;0,0078;0,7111
GOC24114;2;Everich;Fcl;09/05/2025;11/07/2025;27548;124471,4;2098,26;268397,85;394967,51;14,34;0,06;63,0;12,0;48,0;8228,49;0,0053;0,6795
GOC24128;2;Yns;Fcl;06/05/2025;01/07/2025;18680;84672,8;1242,98;271648,82;357564,6;19,14;0,13;56,0;21,0;53,0;6746,5;0,0035;0,7597
GOC24128;3;Yns;Fcl;06/05/2025;01/07/2025;21800;88902,0;1320,84;271648,83;361871,67;16,6;0,13;56,0;21,0;55,0;6579,48;0,0037;0,7507
GOC24128;4;Yns;Fcl;06/05/2025;27/06/2025;21900;93626,0;1300,0;312083,58;407009,58;18,58;0,13;52,0;17,0;55,0;7400,17;0,0032;0,7668
BBI25002;1;Parisun;Fcl;15/06/2025;15/08/2025;24300;139891,0;13145,0;433421,71;586457,71;24,13;0,2;61,0;20,0;92,0;6374,54;0,0224;0,7391
GOC24130;3;Lanrun;Fcl;04/05/2025;03/07/2025;30520;73714,0;1416,35;164106,11;239236,46;7,84;0,09;60,0;25,0;45,0;5316,37;0,0059;0,686
GOC24128;5;Yns;Fcl;23/05/2025;09/07/2025;17700;66779,0;1132,06;228737,21;296648,27;16,76;0,16;47,0;18,0;57,0;5204,36;0,0038;0,7711
GOC24128;6;Yns;Fcl;23/05/2025;09/07/2025;16700;82289,0;1394,99;228737,2;312421,19;18,71;0,16;47,0;18,0;54,0;5785,58;0,0045;0,7321
BBI25021;1;Sanfeng;Aéreo;27/05/2025;30/06/2025;8350;9352,0;2794,0;39496,07;51642,07;6,18;-0,13;34,0;24,0;52,0;993,12;0,0541;0,7648
GOC24028;11;Everich;Fcl;17/04/2025;09/06/2025;2025;9659,25;270,72;21546,96;31476,93;15,54;-0,03;53,0;17,0;8,0;3934,62;0,0086;0,6845
GOC25029;1;Dacen;Aéreo;27/05/2025;05/06/2025;80;4400,0;1975,84;21156,87;27532,71;344,16;0,0;9,0;8,0;0,0;;0,0718;0,7684
BBI25017;1;Sanfeng;Aéreo;27/05/2025;03/07/2025;9500;8685,0;2730,0;38192,42;49607,42;5,22;-0,13;37,0;27,0;0,0;;0,055;0,7699
GOC24018;13;Everich;Fcl;28/05/2025;14/08/2025;5700;29184,0;676,97;64817,21;94678,18;16,61;0,09;78,0;19,0;21,0;4508,48;0,0072;0,6846
GOC24132;4;Everich;Fcl;28/05/2025;14/08/2025;19968;60268,8;1398,03;113900,66;175567,49;8,79;0,1;78,0;19,0;28,0;6270,27;0,008;0,6488
GOC24132;5;Everich;Fcl;17/06/2025;10/09/2025;16389;77710,35;3550,0;176570,69;257831,04;15,73;0,12;85,0;14,0;58,0;4445,36;0,0138;0,6848
GOC24128;7;Yns;Fcl;04/06/2025;06/08/2025;21000;71620,8;2715,58;164117,54;238453,92;11,35;0,19;63,0;27,0;58,0;4111,27;0,0114;0,6883
GOC24128;8;Yns;Fcl;04/06/2025;06/08/2025;19700;90935,0;3082,37;164117,54;258134,91;13,1;0,19;63,0;27,0;45,0;5736,33;0,0119;0,6358
GOC24129;1;Yns;Fcl;04/06/2025;06/08/2025;7200;20556,0;779,2;164117,54;185452,74;25,76;0,19;63,0;27,0;15,0;12363,52;0,0042;0,885
BBI25016;1;Lanrun;Fcl;19/05/2025;08/07/2025;25000;83667,2;1292,18;167155,96;252115,34;10,08;0,19;50,0;17,0;52,0;4848,37;0,0051;0,663
BBI25016;2;Lanrun;Fcl;19/05/2025;08/07/2025;35880;88705,2;1369,98;167155,97;257231,15;7,17;0,19;50,0;17,0;48,0;5358,98;0,0053;0,6498
GOC25013;1;Max Home;Fcl;14/06/2025;25/08/2025;48120;38977,2;4800,0;95591,22;139368,42;2,9;0,02;72,0;20,0;51,0;2732,71;0,0344;0,6859
GOC24098;2;Lanrun;Fcl;18/03/2025;04/07/2025;9000;4050,0;105,99;9362,95;13518,94;1,5;0,31;108,0;75,0;3,0;4506,31;0,0078;0,6926
GOC24128;9;Yns;Fcl;06/06/2025;22/07/2025;13300;63175,0;2449,16;184543,42;250167,58;18,81;0,1;46,0;16,0;34,0;7357,87;0,0098;0,7377
GOC24129;2;Yns;Fcl;06/06/2025;22/07/2025;7700;37029,0;1088,21;184543,42;222660,63;28,92;0,1;46,0;16,0;23,0;9680,9;0,0049;0,8288
GOC24129;3;Yns;Fcl;06/06/2025;22/07/2025;16800;71787,0;3130,35;184543,42;259460,77;15,44;0,1;46,0;16,0;58,0;4473,46;0,0121;0,7113
BBI25016;3;Lanrun;Fcl;29/03/2025;04/07/2025;2836;1134,4;25,9;2295,02;3455,32;1,22;0,16;97,0;58,0;4,0;863,83;0,0075;0,6642
BBI25016;4;Lanrun;Fcl;04/05/2025;03/07/2025;1000;450,0;8,65;1259,78;1718,43;1,72;0,12;60,0;25,0;1,0;1718,43;0,005;0,7331
GOC25012;1;Yiwu Runhui;Fcl;15/06/2025;01/08/2025;84590;111893,5;9060,0;377830,73;498784,23;5,9;0,05;47,0;12,0;171,0;2916,87;0,0182;0,7575
BBI25027;1;Dongguan Alljoyful;Aéreo;01/06/2025;01/07/2025;8500;10680,0;1862,52;40745,86;53288,38;6,27;-0,03;30,0;28,0;0,0;;0,035;0,7646
BBI25016;5;Lanrun;Fcl;19/06/2025;13/08/2025;38800;79540,0;3149,38;174862,82;257552,2;6,64;0,15;55,0;21,0;41,0;6281,76;0,0122;0,6789
BBI25016;6;Lanrun;Fcl;19/06/2025;13/08/2025;38800;79540,0;3149,38;174862,82;257552,2;6,64;0,15;55,0;21,0;42,0;6132,2;0,0122;0,6789
GOC24132;6;Everich;Fcl;17/06/2025;21/08/2025;11228;37847,0;1806,97;76685,1;116339,07;10,36;0,17;65,0;15,0;23,0;5058,22;0,0155;0,6592
BBI25024;1;Ismile;Aéreo;08/06/2025;01/07/2025;6000;12000,0;2178,5;47547,83;61726,33;10,29;-0,0;23,0;21,0;21,0;2939,35;0,0353;0,7703
GOC25035;1;Dacen;Aéreo;02/07/2025;11/07/2025;1680;89040,0;20540,59;225953,49;335534,08;199,72;0,01;9,0;7,0;0,0;;0,0612;0,6734
GOC24128;11;Yns;Fcl;13/07/2025;26/08/2025;20520;82080,0;6450,0;298598,65;387128,65;18,87;0,15;44,0;19,0;37,0;10462,94;0,0167;0,7713
GOC25033;1;Dongguan Alljoyful;Fcl;22/06/2025;10/09/2025;118000;59000,0;5550,0;114417,41;178967,41;1,52;-0,08;80,0;13,0;17,0;10527,49;0,031;0,6393
GOC24128;10;Yns;Fcl;21/06/2025;05/08/2025;2000;9120,0;446,32;39714,2;49280,52;24,64;0,17;45,0;16,0;4,0;12320,13;0,0091;0,8059
GOC24129;4;Yns;Fcl;21/06/2025;05/08/2025;14600;72128,0;3529,87;218911,25;294569,12;20,18;0,17;45,0;16,0;51,0;5775,87;0,012;0,7432
GOC24129;5;Yns;Fcl;21/06/2025;05/08/2025;19800;86310,0;4223,92;306475,75;397009,67;20,05;0,17;45,0;16,0;52,0;7634,8;0,0106;0,772
GOC24129;6;Yns;Fcl;21/06/2025;05/08/2025;21175;99100,75;4849,89;306475,75;410426,39;19,38;0,17;45,0;16,0;53,0;7743,89;0,0118;0,7467
BBI25015;1;Everich;Fcl;17/06/2025;21/08/2025;15504;52740,0;2518,03;122047,58;177305,61;11,44;0,17;65,0;15,0;29,0;6113,99;0,0142;0,6883
BBI25009;1;Arun;Fcl;30/06/2025;11/08/2025;17000;80150,0;6100,0;166908,36;253158,36;14,89;0,06;42,0;16,0;4,0;63289,59;0,0241;0,6593
BBI25016;7;Lanrun;Fcl;20/06/2025;14/08/2025;38800;79540,0;4175,0;188380,19;272095,19;7,01;0,19;55,0;20,0;42,0;6478,46;0,0153;0,6923
BBI25015;2;Everich;Fcl;17/06/2025;10/09/2025;30900;97290,0;4600,0;221201,41;323091,41;10,46;0,12;85,0;14,0;48,0;6731,07;0,0142;0,6846
BBI25016;8;Lanrun;Fcl;20/06/2025;12/08/2025;32000;99840,0;4934,21;198903,6;303677,81;9,49;0,19;53,0;18,0;49,0;6197,51;0,0162;0,655
BBI25016;9;Lanrun;Fcl;20/06/2025;12/08/2025;36240;83280,0;4115,79;198903,6;286299,39;7,9;0,19;53,0;18,0;42,0;6816,65;0,0144;0,6947
GOC24018;14;Everich;Fcl;27/06/2025;25/08/2025;840;4306,8;251,87;9565,34;14124,01;16,81;-0,09;59,0;21,0;7,0;2017,72;0,0178;0,6772
GOC24132;7;Everich;Fcl;27/06/2025;25/08/2025;763;2411,95;141,05;5356,91;7909,91;10,37;0,16;59,0;21,0;14,0;564,99;0,0178;0,6772
BBI25011;1;Everich;Fcl;27/06/2025;25/08/2025;1920;11026,8;644,86;24490,35;36162,01;18,83;0,16;59,0;21,0;5,0;7232,4;0,0178;0,6772
BBI25015;3;Everich;Fcl;27/06/2025;25/08/2025;16878;73014,3;4269,95;189753,87;267038,12;15,82;0,16;59,0;21,0;51,0;5236,04;0,016;0,7106
GOC24114;3;Everich;Fcl;27/06/2025;25/08/2025;2444;11072,2;647,51;24591,19;36310,9;14,86;0,16;59,0;21,0;5,0;7262,18;0,0178;0,6772
BBI25015;4;Everich;Fcl;27/06/2025;25/08/2025;23040;99072,0;5793,83;189753,87;294619,7;12,79;0,16;59,0;21,0;40,0;7365,49;0,0197;0,6441
GOC24129;7;Yns;Fcl;24/06/2025;11/08/2025;19150;91968,5;5722,0;316461,81;414152,31;21,63;0,14;48,0;19,0;55,0;7530,04;0,0138;0,7641
BBI25025;1;At Express;Fcl;23/06/2025;21/08/2025;2794;17461,82;5415,0;41201,52;64078,34;22,93;0,13;59,0;20,0;42,0;1525,67;0,0845;0,643
BBI25025;2;At Express;Fcl;23/06/2025;21/08/2025;2794;17461,82;5415,0;41201,52;64078,34;22,93;0,13;59,0;20,0;44,0;1456,33;0,0845;0,643
BBI25025;3;At Express;Fcl;23/06/2025;22/08/2025;2794;17461,82;5415,0;41201,52;64078,34;22,93;0,13;60,0;21,0;44,0;1456,33;0,0845;0,643
BBI25025;4;At Express;Fcl;23/06/2025;22/08/2025;2794;17461,82;5415,0;41201,52;64078,34;22,93;0,13;60,0;21,0;42,0;1525,67;0,0845;0,643
BBI25015;5;Everich;Fcl;05/07/2025;26/08/2025;18789;79522,5;6628,28;226457,59;312608,37;16,64;0,19;52,0;21,0;56,0;5582,29;0,0212;0,7244
BBI25015;6;Everich;Fcl;05/07/2025;26/08/2025;13200;64680,0;5391,14;115487,76;185558,9;14,06;0,19;52,0;21,0;45,0;4123,53;0,0291;0,6224
GOC25030;1;Newcom;Lcl;08/07/2025;08/09/2025;293000;2637,0;81,24;10144,08;12862,32;0,04;-0,11;62,0;18,0;0,0;;0,0063;0,7887
BBI25016;10;Lanrun;Fcl;25/06/2025;12/08/2025;32520;101462,4;5660,44;229023,29;336146,13;10,34;0,13;48,0;19,0;50,0;6722,92;0,0168;0,6813
BBI25016;11;Lanrun;Fcl;25/06/2025;13/08/2025;32600;101712,0;5660,81;228333,13;335705,94;10,3;0,13;49,0;20,0;49,0;6851,14;0,0169;0,6802
GOC24128;12;Yns;Fcl;13/07/2025;25/08/2025;3615;15857,25;1025,0;52797,73;69679,98;19,28;0,15;43,0;18,0;9,0;7742,22;0,0147;0,7577
GOC24129;8;Yns;Fcl;13/07/2025;25/08/2025;19325;84545,75;5465,0;297113,71;387124,46;20,03;0,15;43,0;18,0;43,0;9002,89;0,0141;0,7675
GOC25038;1;Itink Co;Aéreo;03/07/2025;14/07/2025;35;1225,0;826,25;10038,43;12089,68;345,42;-0,01;11,0;9,0;0,0;;0,0683;0,8303
BBI25016;12;Lanrun;Fcl;05/07/2025;21/08/2025;33720;100119,6;6033,99;216063,51;322217,1;9,56;0,15;47,0;16,0;50,0;6444,34;0,0187;0,6706
BBI25015;7;Everich;Fcl;17/07/2025;05/09/2025;14565;69045,0;6700,0;176655,04;252400,04;17,33;0,06;50,0;17,0;52,0;4853,85;0,0265;0,6999
BBI25015;8;Everich;Lcl;17/07/2025;01/10/2025;18726;75067,2;4893,08;161038,71;240998,99;12,87;0,06;76,0;43,0;41,0;5878,02;0,0203;0,6682
GOC24132;8;Everich;Fcl;05/07/2025;26/08/2025;47;178,15;14,85;1568,8;1761,8;37,49;0,19;52,0;21,0;2,0;880,9;0,0084;0,8905
GOC24129;9;Yns;Fcl;10/07/2025;02/09/2025;2600;5360,0;551,81;20234,43;26146,24;10,06;0,12;54,0;19,0;0,0;;0,0211;0,7739
BBI25028;1;Yns;Fcl;10/07/2025;02/09/2025;19200;38400,0;3953,28;144963,1;187316,38;9,76;0,12;54,0;19,0;44,0;4257,19;0,0211;0,7739
GOC24129;10;Yns;Fcl;10/07/2025;02/09/2025;13550;51069,5;5257,61;192791,49;249118,6;18,39;0,12;54,0;19,0;29,0;8590,3;0,0211;0,7739
BBI25028;2;Yns;Fcl;10/07/2025;02/09/2025;4800;9600,0;988,32;35365,13;45953,45;9,57;0,12;54,0;19,0;11,0;4177,59;0,0215;0,7696
BBI25018;1;Yns;Fcl;10/07/2025;02/09/2025;5500;25245,0;2598,97;89776,67;117620,64;21,39;0,12;54,0;19,0;13,0;9047,74;0,0221;0,7633
GOC25049;1;Shenzhen Ilinois;Aéreo;17/07/2025;24/07/2025;6;7740,0;446,63;16351,66;24538,29;4089,71;-0,03;7,0;5,0;0,0;;0,0182;0,6664
BBI25016;13;Lanrun;Fcl;17/07/2025;01/09/2025;32400;101088,0;6711,45;226914,45;334713,9;10,33;0,17;46,0;13,0;50,0;6694,28;0,0201;0,6779
BBI25025;5;At Express;Fcl;17/07/2025;04/09/2025;2794;17461,82;6075,0;42562,68;66099,5;23,66;0,21;49,0;16,0;42,0;1573,8;0,0919;0,6439
BBI25025;6;At Express;Fcl;17/07/2025;04/09/2025;2794;17461,82;6075,0;42562,68;66099,5;23,66;0,21;49,0;16,0;42,0;1573,8;0,0919;0,6439
BBI25025;7;At Express;Fcl;17/07/2025;03/09/2025;2794;17461,82;6075,0;42562,68;66099,5;23,66;0,21;48,0;15,0;42,0;1573,8;0,0919;0,6439
BBI25025;8;At Express;Fcl;17/07/2025;03/09/2025;2794;17461,82;6075,0;42562,68;66099,5;23,66;0,21;48,0;15,0;46,0;1436,95;0,0919;0,6439
GOC24129;11;Yns;Fcl;16/07/2025;05/09/2025;6000;16680,0;1351,95;62172,89;80204,84;13,37;0,14;51,0;18,0;12,0;6683,74;0,0169;0,7752
BBI25018;2;Yns;Fcl;16/07/2025;05/09/2025;18200;83538,0;6869,78;315924,48;406332,26;22,33;0,14;51,0;18,0;41,0;9910,54;0,0169;0,7775
BBI25018;3;Yns;Fcl;16/07/2025;05/09/2025;11320;57253,6;4708,27;162879,81;224841,68;19,86;0,14;51,0;18,0;56,0;4015,03;0,0209;0,7244
BBI25014;1;Parisun;Fcl;31/07/2025;26/09/2025;34420;179524,0;16380,0;535521,92;731425,92;21,25;0,03;57,0;16,0;144,0;5079,35;0,0224;0,7322
GOC24129;12;Yns;Fcl;27/07/2025;15/09/2025;18600;74400,0;4568,94;244995,92;323964,86;17,42;0,03;50,0;15,0;31,0;10450,48;0,0141;0,7562
BBI25018;5;Yns;Fcl;27/07/2025;15/09/2025;3072;7833,6;481,07;25795,7;34110,37;11,1;0,03;50,0;15,0;6,0;5685,06;0,0141;0,7562
BBI25018;4;Yns;Fcl;27/07/2025;15/09/2025;26814;103402,5;6350,0;340499,86;450252,36;16,79;0,03;50,0;15,0;54,0;8338,01;0,0141;0,7562
BBI25015;9;Everich;Fcl;24/07/2025;09/09/2025;23655;90333,0;6450,0;213187,82;309970,82;13,1;0,09;47,0;16,0;55,0;5635,83;0,0208;0,6878
GOC25020;1;Everich;Lcl;17/07/2025;29/09/2025;2450;1327,0;126,4;7725,68;9179,08;3,75;0,06;74,0;41,0;0,0;;0,0138;0,8417
GOC25045;1;Everich;Lcl;17/07/2025;29/09/2025;3000;750,0;71,44;7725,68;8547,12;2,85;0,06;74,0;41,0;0,0;;0,0084;0,9039
BBI25011;2;Everich;Lcl;17/07/2025;01/10/2025;5736;27245,2;1775,92;58580,37;87601,49;15,27;0,06;76,0;43,0;0,0;;0,0203;0,6687
GOC24018;15;Everich;Lcl;17/07/2025;01/10/2025;45;239,4;15,6;3838,85;4093,85;90,97;0,07;76,0;43,0;1,0;4093,85;0,0038;0,9377
GOC24132;9;Everich;Lcl;17/07/2025;01/10/2025;45;236,25;15,4;3838,85;4090,5;90,9;0,06;76,0;43,0;1,0;4090,5;0,0038;0,9385
BBI25018;6;Yns;Fcl;31/07/2025;19/09/2025;9680;43125,6;2709,33;145467,14;191302,07;19,76;0,06;50,0;11,0;18,0;10627,89;0,0142;0,7604
BBI25018;7;Yns;Fcl;31/07/2025;19/09/2025;17650;83509,5;5246,41;281686,24;370442,15;20,99;0,06;50,0;11,0;54,0;6860,04;0,0142;0,7604
GOC24129;13;Yns;Fcl;31/07/2025;19/09/2025;12500;54824,0;3444,27;184927,06;243195,33;19,46;0,06;50,0;11,0;28,0;8685,55;0,0142;0,7604
BBI25016;14;Lanrun;Fcl;06/08/2025;17/09/2025;23480;79832,0;4637,59;170502,26;254971,85;10,86;0,03;42,0;15,0;53,0;4810,79;0,0182;0,6687
BBI25026;1;Newcom;Aéreo;28/07/2025;26/08/2025;4;19600,0;971,2;25056,27;45627,47;11406,87;-0,11;29,0;20,0;0,0;;0,0213;0,5491
BBI25026;2;Newcom;Lcl;13/08/2025;25/09/2025;2;5400,0;16,0;12963,03;18379,03;9189,51;0,0;43,0;17,0;0,0;;0,0009;0,7053
GOC24132;10;Everich;Fcl;06/08/2025;16/09/2025;3888;11664,0;428,52;24203,07;36295,59;9,34;0,11;41,0;14,0;6,0;6049,26;0,0118;0,6668
BBI25015;10;Everich;Fcl;06/08/2025;16/09/2025;30552;105378,0;3871,48;218661,89;327911,37;10,73;0,11;41,0;14,0;49,0;6692,07;0,0118;0,6668
GOC24053;4;Parisun;Fcl;12/08/2025;02/10/2025;8038;42943,5;3489,87;134990,27;181423,64;22,57;0,12;51,0;19,0;27,0;6719,39;0,0192;0,7441
BBI25014;2;Parisun;Fcl;12/08/2025;02/10/2025;5180;26418,0;1810,13;70150,78;98378,91;18,99;0,12;51,0;19,0;18,0;5465,5;0,0184;0,7131
BBI25018;8;Yns;Fcl;07/08/2025;26/09/2025;12800;63640,0;3890,16;212038,51;279568,67;21,84;-0,02;50,0;16,0;55,0;5083,07;0,0139;0,7584
BBI25018;9;Yns;Fcl;07/08/2025;26/09/2025;22540;103224,0;6309,84;343824,64;453358,48;20,11;-0,02;50,0;16,0;52,0;8718,43;0,0139;0,7584
GOC25042;1;Newcom;Fcl;07/08/2025;06/10/2025;10000;9000,0;600,61;22677,05;32277,66;3,23;-0,08;60,0;21,0;16,0;2017,35;0,0186;0,7026
GOC25034;1;Newcom;Fcl;07/08/2025;06/10/2025;86000;64800,0;4324,39;163248,77;232373,16;2,7;-0,12;60,0;21,0;65,0;3574,97;0,0186;0,7025
BBI25016;17;Lanrun;Fcl;18/08/2025;03/10/2025;76928;79326,0;4300,0;189790,09;273416,09;3,55;-0,2;46,0;14,0;72,0;3797,45;0,0157;0,6941
BBI25016;15;Lanrun;Fcl;06/08/2025;17/09/2025;32520;101496,0;5896,1;216771,44;324163,54;9,97;0,03;42,0;15,0;52,0;6233,91;0,0182;0,6687
BBI25016;16;Lanrun;Fcl;06/08/2025;17/09/2025;34720;89794,0;5216,31;191778,74;286789,05;8,26;0,03;42,0;15,0;45,0;6373,09;0,0182;0,6687
BBI25014;3;Parisun;Fcl;05/09/2025;05/11/2025;27520;99236,0;3470,0;279045,5;381751,5;13,87;0,01;61,0;20,0;50,0;7635,03;0,0091;0,731
GOC25045;2;Everich;Fcl;28/08/2025;23/10/2025;13600;7888,0;391,63;32720,94;41000,57;3,01;-0,02;56,0;20,0;8,0;5125,07;0,0096;0,7981
BBI25015;11;Everich;Fcl;28/08/2025;22/10/2025;23256;76119,6;2532,46;162189,61;240841,67;10,36;-0,02;55,0;19,0;40,0;6021,04;0,0105;0,6734
BBI25015;12;Everich;Fcl;28/08/2025;21/10/2025;22119;93043,2;3075,0;197429,03;293547,23;13,27;-0,02;54,0;18,0;53,0;5538,63;0,0105;0,6726
GOC24129;14;Yns;Fcl;13/08/2025;10/10/2025;330;1320,0;53,12;4152,54;5525,66;16,74;-0,14;58,0;17,0;1,0;5525,66;0,0096;0,7515
BBI25018;10;Yns;Fcl;13/08/2025;10/10/2025;24605;94322,95;3795,88;296777,78;394896,61;16,05;-0,14;58,0;17,0;54,0;7312,9;0,0096;0,7515
BBI25018;11;Yns;Fcl;13/08/2025;10/10/2025;9000;41310,0;1662,46;129897,87;172870,33;19,21;-0,14;58,0;17,0;20,0;8643,52;0,0096;0,7514
BBI25036;1;Yns;Fcl;13/08/2025;10/10/2025;15096;59352,24;2388,54;186645,34;248386,12;16,45;-0,14;58,0;17,0;29,0;8565,04;0,0096;0,7514
GOC24120;1;Anhui;Fcl;28/08/2025;20/10/2025;3262;22142,2;3970,0;54476,32;80588,52;24,71;-0,02;53,0;17,0;47,0;1714,65;0,0493;0,676
GOC25039;1;Ningbo Toprank;Fcl;26/08/2025;16/10/2025;29000;24950,0;3100,0;78605,47;106655,47;3,68;-0,01;51,0;18,0;0,0;;0,0291;0,737
BBI25015;13;Everich;Fcl;28/08/2025;21/10/2025;16176;73791,0;3075,0;148749,33;225615,33;13,95;-0,02;54,0;18,0;52,0;4338,76;0,0136;0,6593
BBI25016;18;Lanrun;Fcl;28/08/2025;20/10/2025;39448;81815,6;2781,82;161967,87;246565,29;6,25;-0,23;53,0;17,0;44,0;5603,76;0,0113;0,6569
BBI25016;19;Lanrun;Fcl;28/08/2025;17/10/2025;41104;99060,8;3368,18;196107,67;298536,65;7,26;-0,23;50,0;14,0;54,0;5528,46;0,0113;0,6569
BBI25051;1;Dongguan Soonleader;Aéreo;25/08/2025;09/09/2025;30714;26503,29;5665,76;85507,72;117676,77;3,83;0,07;15,0;14,0;0,0;;0,0481;0,7266
BBI25036;2;Yns;Fcl;21/08/2025;14/10/2025;23054;94522,16;2909,12;286833,72;384265,0;16,67;-0,27;54,0;14,0;49,0;7842,14;0,0076;0,7464
BBI25036;3;Yns;Fcl;21/08/2025;14/10/2025;20258;90680,52;2790,88;275246,51;368717,91;18,2;-0,27;54,0;14,0;49,0;7524,86;0,0076;0,7465
GOC25058;1;Dacen;Aéreo;03/09/2025;16/09/2025;1320;69960,0;20685,2;207796,12;298441,32;226,09;0,0;13,0;12,0;0,0;;0,0693;0,6963
GOC24132;11;Everich;Fcl;28/08/2025;22/10/2025;1512;4536,0;150,91;9664,95;14351,86;9,49;-0,02;55,0;19,0;2,0;7175,93;0,0105;0,6734
BBI25036;4;Yns;Fcl;03/09/2025;29/10/2025;15410;74239,2;2452,22;225231,16;301922,58;19,59;0,04;56,0;16,0;55,0;5489,5;0,0081;0,746
BBI25036;5;Yns;Fcl;03/09/2025;27/10/2025;17012;84147,72;2779,51;255375,02;342302,25;20,12;0,04;54,0;14,0;49,0;6985,76;0,0081;0,7461
BBI25036;6;Yns;Fcl;03/09/2025;27/10/2025;15340;73972,2;2443,4;224508,54;300924,14;19,62;0,04;54,0;14,0;55,0;5471,35;0,0081;0,7461
BBI25036;7;Yns;Fcl;03/09/2025;29/10/2025;17680;87630,0;2894,54;265928,77;356453,31;20,16;0,04;56,0;16,0;55,0;6480,97;0,0081;0,746
BBI25015;14;Everich;Fcl;15/09/2025;30/10/2025;14886;44614,5;1450,0;88245,75;134310,25;9,02;-0,05;45,0;18,0;28,0;4796,79;0,0108;0,657
BBI25015;15;Everich;Fcl;15/09/2025;30/10/2025;20451;85731,0;2900,0;169601,66;258232,66;12,63;-0,05;45,0;18,0;53,0;4872,31;0,0112;0,6568
BBI25025;9;At Express;Fcl;09/09/2025;31/10/2025;2794;17461,82;3350,0;36996,16;57807,98;20,69;0,23;52,0;21,0;42,0;1376,38;0,058;0,64
BBI25025;10;At Express;Fcl;09/09/2025;31/10/2025;2794;17461,82;3350,0;36996,16;57807,98;20,69;0,23;52,0;21,0;42,0;1376,38;0,058;0,64
BBI25025;11;At Express;Fcl;09/09/2025;05/11/2025;2794;17461,82;3350,0;37232,92;58044,74;20,77;0,23;57,0;26,0;42,0;1382,02;0,0577;0,6415
BBI25025;12;At Express;Fcl;09/09/2025;05/11/2025;2794;17461,82;3350,0;37232,92;58044,74;20,77;0,23;57,0;26,0;42,0;1382,02;0,0577;0,6415
BBI25025;13;At Express;Fcl;09/09/2025;31/10/2025;2794;17461,82;3350,0;36996,17;57807,99;20,69;0,23;52,0;21,0;42,0;1376,38;0,058;0,64
BBI25025;14;At Express;Fcl;09/09/2025;04/11/2025;2794;17461,82;3350,0;37110,52;57922,34;20,73;0,23;56,0;25,0;44,0;1316,42;0,0578;0,6407
BBI25025;15;At Express;Fcl;09/09/2025;04/11/2025;2794;17461,82;3350,0;37110,53;57922,35;20,73;0,23;56,0;25,0;44,0;1316,42;0,0578;0,6407
GOC25064;1;Shenzhen Ilinois;Aéreo;08/09/2025;19/09/2025;15;18040,0;650,0;9952,97;28642,97;1909,53;0,0;11,0;10,0;0,0;;0,0227;0,3475
BBI25016;20;Lanrun;Fcl;15/09/2025;03/11/2025;24640;80768,0;2900,0;163629,64;247297,64;10,04;-0,03;49,0;22,0;54,0;4579,59;0,0117;0,6617
BBI25016;21;Lanrun;Fcl;15/09/2025;03/11/2025;23640;80376,0;2900,0;162736,62;246012,62;10,41;-0,03;49,0;22,0;53,0;4641,75;0,0118;0,6615
BBI25018;12;Yns;Fcl;03/09/2025;29/10/2025;200;918,0;30,33;2852,59;3800,92;19,0;0,04;56,0;16,0;1,0;3800,92;0,008;0,7505
BBI25015;17;Everich;Fcl;09/10/2025;21/11/2025;22924;98573,2;1000,0;194868,76;294441,96;12,84;-0,04;43,0;12,0;40,0;7361,05;0,0034;0,6618
BBI25015;16;Everich;Fcl;16/10/2025;01/12/2025;21630;83478,0;2250,0;163227,48;248955,48;11,51;-0,07;46,0;15,0;51,0;4881,48;0,009;0,6556
BBI25016;22;Lanrun;Fcl;15/09/2025;06/11/2025;32000;99840,0;2900,0;192919,44;295659,44;9,24;-0,03;52,0;25,0;50,0;5913,19;0,0098;0,6525
BBI25016;23;Lanrun;Fcl;15/09/2025;06/11/2025;34640;99674,4;2900,0;192656,49;295230,89;8,52;-0,03;52,0;25,0;50,0;5904,62;0,0098;0,6526
BBI25036;8;Yns;Fcl;28/09/2025;14/11/2025;22300;95534,4;3800,0;293215,55;392549,95;17,6;0,18;47,0;11,0;43,0;9129,07;0,0097;0,747
BBI25036;9;Yns;Fcl;29/09/2025;14/11/2025;16448;86316,88;3800,0;265038,11;355154,99;21,59;0,16;46,0;11,0;48,0;7399,06;0,0107;0,7463
GOC24132;12;Everich;Fcl;15/09/2025;30/10/2025;16480;53320,0;1450,0;105604,86;160374,86;9,73;-0,05;45,0;18,0;30,0;5345,83;0,009;0,6585
BBI25052;1;Yiwu Honglu;Fcl;24/09/2025;10/11/2025;18225;61600,5;1995,0;140605,37;204200,87;11,2;-0,01;47,0;15,0;24,0;8508,37;0,0098;0,6886
GOC25056;1;Wenzhou Yuanfei;Aéreo;05/10/2025;22/10/2025;24200;50941,2;21011,32;100345,7;172298,22;7,12;0,01;17,0;11,0;32,0;5384,32;0,1219;0,5824
BBI25015;18;Everich;Fcl;09/10/2025;21/11/2025;25860;90820,2;1000,0;185815,0;277635,2;10,74;-0,04;43,0;12,0;56,0;4957,77;0,0036;0,6693
BBI25014;4;Parisun;Fcl;27/09/2025;17/11/2025;8360;55532,1;2950,0;170947,12;229429,22;27,44;-0,19;51,0;15,0;45,0;5098,43;0,0129;0,7451
BBI25014;5;Parisun;Fcl;05/10/2025;25/11/2025;3850;34995,5;2400,1;94322,81;131718,41;34,21;-0,06;51,0;16,0;39,0;3377,4;0,0182;0,7161
BBI25044;1;Parisun;Fcl;05/10/2025;25/11/2025;2016;8668,8;549,9;45626,48;54845,18;27,2;-0,06;51,0;16,0;7,0;7835,03;0,01;0,8319
BBI25016;24;Lanrun;Fcl;01/10/2025;01/12/2025;32560;101587,2;2250,0;205212,57;309049,77;9,49;0,04;61,0;18,0;50,0;6181,0;0,0073;0,664
BBI25036;13;Yns;Fcl;28/09/2025;13/11/2025;18110;83725,5;3392,33;242693,68;329811,51;18,21;0,18;46,0;10,0;49,0;6730,85;0,0103;0,7359
BBI25036;14;Yns;Fcl;28/09/2025;13/11/2025;20736;72130,24;2179,01;277834,82;352144,07;16,98;0,18;46,0;10,0;55,0;6402,62;0,0062;0,789
BBI25036;15;Yns;Fcl;28/09/2025;13/11/2025;3000;17874,0;539,96;40218,9;58632,86;19,54;0,18;46,0;10,0;14,0;4188,06;0,0092;0,6859
BBI25047;1;Yns;Fcl;28/09/2025;13/11/2025;10750;55900,0;1688,7;143826,54;201415,24;18,74;0,18;46,0;10,0;26,0;7746,74;0,0084;0,7141
BBI25016;25;Lanrun;Fcl;09/10/2025;24/11/2025;28800;88856,0;2250,0;176169,85;267275,85;9,28;0,16;46,0;15,0;52,0;5139,92;0,0084;0,6591
BBI25036;10;Yns;Fcl;21/10/2025;27/11/2025;17654;87856,14;753,4;246066,89;334676,43;18,96;0,09;37,0;11,0;44,0;7606,28;0,0023;0,7352
BBI25036;11;Yns;Fcl;21/10/2025;27/11/2025;21300;89460,0;701,63;250647,82;340809,45;16,0;0,09;37,0;11,0;36,0;9466,93;0,0021;0,7354
BBI25036;12;Yns;Fcl;21/10/2025;28/11/2025;26210;114970,2;754,97;321990,8;437715,97;16,7;0,09;38,0;12,0;47,0;9313,11;0,0017;0,7356
GOC25081;1;Newcom;Fcl;28/09/2025;13/11/2025;30;300,0;20,0;2423,99;2743,99;91,47;0,04;46,0;10,0;0,0;;0,0073;0,8834
GOC25056;2;Wenzhou Yuanfei;Fcl;07/10/2025;05/12/2025;38750;79211,45;1750,0;132054,99;213016,44;5,5;0,0;59,0;12,0;40,0;5325,41;0,0082;0,6199
BBI25036;16;Yns;Fcl;08/10/2025;19/11/2025;15260;73694,1;2490,07;226463,36;302647,53;19,83;0,06;42,0;8,0;55,0;5502,68;0,0082;0,7483
BBI25036;17;Yns;Fcl;08/10/2025;19/11/2025;11340;55763,4;1884,21;171398,23;229045,84;20,2;0,06;42,0;8,0;49,0;4674,4;0,0082;0,7483
GOC24129;15;Yns;Fcl;08/10/2025;19/11/2025;1670;6680,0;225,72;20685,54;27591,26;16,52;0,06;42,0;8,0;3,0;9197,09;0,0082;0,7497
BBI25048;1;At Express;Fcl;04/10/2025;02/12/2025;1394;13243,0;2300,0;28452,14;43995,14;31,56;-0,11;59,0;19,0;41,0;1073,05;0,0523;0,6467
BBI25048;2;At Express;Fcl;04/10/2025;02/12/2025;1394;13243,0;2300,0;28452,14;43995,14;31,56;-0,11;59,0;19,0;41,0;1073,05;0,0523;0,6467
BBI25048;3;At Express;Fcl;04/10/2025;02/12/2025;1394;13243,0;2300,0;28452,14;43995,14;31,56;-0,11;59,0;19,0;41,0;1073,05;0,0523;0,6467
BBI25048;4;At Express;Fcl;04/10/2025;03/12/2025;1394;13243,0;2300,0;28452,14;43995,14;31,56;-0,11;60,0;20,0;41,0;1073,05;0,0523;0,6467
BBI25048;5;At Express;Fcl;04/10/2025;03/12/2025;1394;13243,0;2300,0;28452,13;43995,13;31,56;-0,11;60,0;20,0;41,0;1073,05;0,0523;0,6467
BBI25048;6;At Express;Fcl;09/10/2025;08/12/2025;1394;13243,0;2300,0;28107,05;43650,05;31,31;-0,06;60,0;18,0;41,0;1064,64;0,0527;0,6439
BBI25048;7;At Express;Fcl;09/10/2025;08/12/2025;1394;13243,0;2300,0;28107,05;43650,05;31,31;-0,06;60,0;18,0;41,0;1064,64;0,0527;0,6439
BBI25048;8;At Express;Fcl;09/10/2025;08/12/2025;1394;13243,0;2300,0;28107,05;43650,05;31,31;-0,06;60,0;18,0;41,0;1064,64;0,0527;0,6439
BBI25048;9;At Express;Fcl;09/10/2025;09/12/2025;1394;13243,0;2300,0;28107,05;43650,05;31,31;-0,06;61,0;19,0;41,0;1064,64;0,0527;0,6439
BBI25048;10;At Express;Fcl;09/10/2025;09/12/2025;1394;13243,0;2300,0;28107,04;43650,04;31,31;-0,06;61,0;19,0;42,0;1039,29;0,0527;0,6439
BBI25015;19;Everich;Fcl;15/10/2025;28/11/2025;20211;75755,1;2063,85;146886,57;224705,52;11,12;-0,1;44,0;12,0;46,0;4884,9;0,0092;0,6537
BBI25015;20;Everich;Fcl;15/10/2025;01/12/2025;11764;37833,5;1092,73;73362,62;112288,85;9,55;-0,1;47,0;15,0;0,0;;0,0097;0,6533
BBI25060;2;Everich;Fcl;15/10/2025;01/12/2025;10488;40068,0;1157,27;77715,84;118941,11;11,34;-0,1;47,0;15,0;0,0;;0,0097;0,6534
GOC25055;1;Ycymo Technology;Aéreo;23/10/2025;12/11/2025;2472;4202,4;1108,92;11245,28;16556,6;6,7;-0,03;20,0;15,0;4,0;4139,15;0,067;0,6792
BBI25011;3;Everich;Fcl;09/10/2025;21/11/2025;3344;19103,0;1250,0;37758,73;58111,73;17,38;-0,04;43,0;12,0;7,0;8301,68;0,0215;0,6498
GOC24132;13;Everich;Fcl;09/10/2025;21/11/2025;216;648,0;1250,0;1299,89;3197,89;14,81;-0,04;43,0;12,0;1,0;3197,89;0,3909;0,4065
BBI25016;26;Lanrun;Fcl;09/10/2025;24/11/2025;31680;99166,4;2250,0;196216,24;297632,64;9,39;0,16;46,0;15,0;49,0;6074,14;0,0076;0,6593
BBI25016;27;Lanrun;Fcl;15/10/2025;03/12/2025;37000;82398,4;2250,0;166141,51;250789,91;6,78;0,08;49,0;17,0;45,0;5573,11;0,009;0,6625
BBI25036;18;Yns;Fcl;27/10/2025;10/12/2025;15450;81396,0;2500,0;240467,04;324363,04;20,99;0,26;44,0;16,0;53,0;6120,06;0,0077;0,7414
BBI25036;19;Yns;Fcl;27/10/2025;10/12/2025;19440;96853,5;2500,0;286111,92;385465,42;19,83;0,26;44,0;16,0;55,0;7008,46;0,0065;0,7423
BBI25060;1;Everich;Fcl;15/10/2025;28/11/2025;1752;6832,8;186,15;13264,89;20283,84;11,58;-0,1;44,0;12,0;6,0;3380,64;0,0092;0,654
BBI25011;4;Everich;Fcl;03/11/2025;17/12/2025;630;1512,0;36,44;2996,04;4544,48;7,21;0,1;44,0;17,0;0,0;;0,008;0,6593
BBI25015;21;Everich;Fcl;03/11/2025;17/12/2025;28539;98194,2;2366,8;194572,9;295133,9;10,34;0,1;44,0;17,0;58,0;5088,52;0,008;0,6593
BBI25016;28;Lanrun;Fcl;03/11/2025;15/12/2025;38380;81118,6;2450,0;169745,71;253314,31;6,6;0,12;42,0;15,0;43,0;5891,03;0,0097;0,6701
BBI25048;11;At Express;Fcl;21/10/2025;10/12/2025;1394;13243,0;2500,0;28928,07;44671,07;32,05;0,01;50,0;16,0;41,0;1089,54;0,056;0,6476
BBI25048;12;At Express;Fcl;21/10/2025;11/12/2025;1394;13243,0;2500,0;28928,07;44671,07;32,05;0,01;51,0;17,0;41,0;1089,54;0,056;0,6476
BBI25048;13;At Express;Fcl;21/10/2025;12/12/2025;1394;13243,0;2500,0;28482,81;44225,81;31,73;0,01;52,0;18,0;41,0;1078,68;0,0565;0,644
BBI25048;14;At Express;Fcl;21/10/2025;11/12/2025;1394;13243,0;2500,0;28928,07;44671,07;32,05;0,01;51,0;17,0;41,0;1089,54;0,056;0,6476
BBI25048;15;At Express;Fcl;21/10/2025;12/12/2025;1394;13243,0;2500,0;28482,81;44225,81;31,73;0,01;52,0;18,0;41,0;1078,68;0,0565;0,644
BBI25048;16;At Express;Fcl;21/10/2025;12/12/2025;1394;13243,0;2500,0;28482,81;44225,81;31,73;0,01;52,0;18,0;41,0;1078,68;0,0565;0,644
BBI25048;17;At Express;Fcl;21/10/2025;11/12/2025;1394;13243,0;2500,0;28928,07;44671,07;32,05;0,01;51,0;17,0;41,0;1089,54;0,056;0,6476
BBI25048;18;At Express;Fcl;21/10/2025;15/12/2025;1394;13243,0;2500,0;28482,81;44225,81;31,73;0,01;55,0;21,0;41,0;1078,68;0,0565;0,644
BBI25048;19;At Express;Fcl;21/10/2025;15/12/2025;2187;13250,93;2500,0;28482,8;44233,73;20,23;0,01;55,0;21,0;46,0;961,6;0,0565;0,6439
BBI25015;22;Everich;Fcl;30/10/2025;17/12/2025;16725;71058,0;2450,0;153181,73;226689,73;13,55;0,17;48,0;16,0;47,0;4823,19;0,0108;0,6757
BBI25015;23;Everich;Fcl;30/10/2025;16/12/2025;25002;89053,2;2450,0;182667,15;274170,35;10,97;0,17;47,0;15,0;53,0;5173,03;0,0089;0,6663
BBI25036;20;Yns;Fcl;02/11/2025;19/12/2025;27804;84473,76;2600,0;252263,99;339337,75;12,2;0,15;47,0;11,0;50,0;6786,76;0,0077;0,7434
BBI25036;21;Yns;Fcl;02/11/2025;19/12/2025;16840;87862,8;2600,0;262384,68;352847,48;20,95;0,15;47,0;11,0;54,0;6534,21;0,0074;0,7436
BBI25036;22;Yns;Fcl;02/11/2025;19/12/2025;21180;88956,0;2600,0;265649,3;357205,3;16,87;0,15;47,0;11,0;36,0;9922,37;0,0073;0,7437
BBI25074;1;Parisun;Fcl;02/11/2025;30/12/2025;11240;60696,0;2380,0;173987,36;237063,36;21,09;0,15;58,0;16,0;57,0;4159,01;0,01;0,7339
BBI25014;6;Parisun;Fcl;01/11/2025;26/12/2025;21574;114970,6;4600,0;321543,17;441113,77;20,45;0,17;55,0;17,0;97,0;4547,56;0,0104;0,7289
BBI25016;29;Lanrun;Fcl;30/10/2025;16/12/2025;39120;80196,0;2450,0;157752,54;240398,54;6,15;0,19;47,0;15,0;42,0;5723,77;0,0102;0,6562
BBI25016;30;Lanrun;Fcl;30/10/2025;16/12/2025;33080;99357,6;2450,0;195193,88;297001,48;8,98;0,19;47,0;15,0;50,0;5940,03;0,0082;0,6572
GOC24132;14;Everich;Fcl;03/11/2025;17/12/2025;596;1940,0;46,76;3838,95;5825,71;9,77;0,1;44,0;17,0;4,0;1456,43;0,008;0,659
BBI25080;1;Shenzhen Zhenxin;Aéreo;13/11/2025;26/11/2025;500000;35000,0;1603,72;47824,07;84427,79;0,17;0,0;13,0;10,0;0,0;;0,019;0,5664
BBI25052;2;Yiwu Honglu;Fcl;21/11/2025;15/01/2026;1775;5999,5;43,2;16897,56;22940,26;12,92;0,2;55,0;21,0;3,0;7646,75;0,0019;0,7366
BBI25015;24;Everich;Fcl;13/11/2025;29/12/2025;22700;94770,2;1897,22;181281,47;277948,89;12,24;0,2;46,0;16,0;50,0;5558,98;0,0068;0,6522
GOC25072;1;Ningbo Toprank;Fcl;13/11/2025;02/01/2026;32000;17600,0;2400,0;60504,75;80504,75;2,52;0,16;50,0;16,0;17,0;4735,57;0,0298;0,7516
GOC25095;1;Shenzhen Ilinois;Aéreo;27/11/2025;08/12/2025;15;22770,0;635,49;35605,89;59011,38;3934,09;0,02;11,0;9,0;0,0;;0,0108;0,6034
BBI25016;31;Lanrun;Fcl;13/11/2025;30/12/2025;34440;94912,4;2200,0;184445,76;281558,16;8,18;0,25;47,0;17,0;50,0;5631,16;0,0078;0,6551
BBI25016;32;Lanrun;Fcl;13/11/2025;30/12/2025;39000;79950,0;2200,0;155249,3;237399,3;6,09;0,25;47,0;17,0;42,0;5652,36;0,0093;0,654
BBI25070;1;Sanfeng;Lcl;07/12/2025;23/01/2026;45900;51408,0;410,0;102454,54;154272,54;3,36;-0,06;47,0;14,0;67,0;2302,58;0,0027;0,6641
BBI25036;23;Yns;Fcl;15/11/2025;09/01/2026;12080;55881,0;1050,0;170862,65;227793,65;18,86;0,36;55,0;17,0;29,0;7854,95;0,0046;0,7501
BBI25087;1;Sanfeng;Aéreo;20/11/2025;05/12/2025;14000;13400,0;5275,08;60461,78;79136,86;5,65;-0,07;15,0;9,0;7,0;11305,27;0,0667;0,764
BBI25066;1;Everich;Fcl;13/11/2025;29/12/2025;2112;9841,92;197,03;18826,15;28865,1;13,67;0,2;46,0;16,0;0,0;;0,0068;0,6522
BBI25073;1;Everich;Fcl;13/11/2025;29/12/2025;1065;5218,5;104,47;9982,23;15305,2;14,37;0,2;46,0;16,0;4,0;3826,3;0,0068;0,6522
BBI25015;25;Everich;Fcl;13/11/2025;02/01/2026;6072;17305,2;733,33;33773,6;51812,13;8,53;0,2;50,0;20,0;8,0;6476,52;0,0142;0,6518
BBI25066;2;Everich;Fcl;13/11/2025;02/01/2026;7440;26481,6;733,33;51682,65;78897,58;10,6;0,2;50,0;20,0;14,0;5635,54;0,0093;0,6551
BBI25073;2;Everich;Fcl;13/11/2025;02/01/2026;8280;39816,0;733,34;77709,7;118259,04;14,28;0,2;50,0;20,0;28,0;4223,54;0,0062;0,6571
BBI25014;7;Parisun;Fcl;23/11/2025;13/01/2026;13356;58691,92;2198,9;174350,24;235241,06;17,61;0,35;51,0;16,0;50,0;4704,82;0,0093;0,7412
BBI25044;2;Parisun;Fcl;23/11/2025;13/01/2026;3000;37560,0;2101,1;111569,07;151230,17;50,41;0,35;51,0;16,0;51,0;2965,3;0,0139;0,7377
BBI25065;1;Yns;Fcl;15/11/2025;09/01/2026;4560;28728,0;1050,0;87829,9;117607,9;25,79;0,36;55,0;17,0;23,0;5113,39;0,0089;0,7468
BBI25065;2;Yns;Fcl;15/11/2025;09/01/2026;2200;13860,0;1050,0;42379,75;57289,75;26,04;0,36;55,0;17,0;11,0;5208,16;0,0183;0,7397
BBI25062;1;Yns;Fcl;15/11/2025;09/01/2026;10490;50519,0;1050,0;154476,97;206045,97;19,64;0,36;55,0;17,0;43,0;4791,77;0,0051;0,7497
GOC24132;15;Everich;Fcl;13/11/2025;29/12/2025;20;64,0;1,28;122,42;187,7;9,39;0,2;46,0;16,0;1,0;187,7;0,0068;0,6522
BBI25016;33;Lanrun;Fcl;02/12/2025;14/01/2026;14680;43136,0;738,71;90065,11;133939,82;9,12;0,32;43,0;11,0;23,0;5823,47;0,0055;0,6724
GOC25096;1;Shenzhen Ilinois;Aéreo;27/11/2025;08/12/2025;1;1520,0;44,51;2376,75;3941,26;3941,26;0,02;11,0;9,0;0,0;;0,0113;0,603
BBI25015;26;Everich;Fcl;04/12/2025;21/01/2026;12342;44358,9;874,21;91977,83;137210,94;11,12;0,12;48,0;13,0;36,0;3811,41;0,0064;0,6703
BBI25066;3;Everich;Fcl;04/12/2025;21/01/2026;2205;11566,8;227,95;23983,44;35778,19;16,23;0,12;48,0;13,0;0,0;;0,0064;0,6703
BBI25073;3;Everich;Fcl;04/12/2025;21/01/2026;4185;20187,0;397,84;41859,91;62444,75;14,92;0,12;48,0;13,0;15,0;4162,98;0,0064;0,6704
GOC25100;1;Newcom;Lcl;14/12/2025;30/01/2026;288800;2599,2;11,27;10608,79;13219,26;0,05;-0,22;47,0;13,0;0,0;;0,0009;0,8025
BBI25073;4;Everich;Fcl;11/12/2025;29/01/2026;6210;30429,0;624,05;61558,9;92611,95;14,91;0,21;49,0;14,0;21,0;4410,09;0,0067;0,6647
BBI25015;27;Everich;Fcl;11/12/2025;29/01/2026;10482;42712,2;875,95;86408,24;129996,39;12,4;0,21;49,0;14,0;31,0;4193,43;0,0067;0,6647
BBI25077;1;Yushi Hongkong;Fcl;10/12/2025;30/01/2026;5880;20697,6;575,68;61782,91;83056,19;14,13;0,16;51,0;9,0;11,0;7550,56;0,0069;0,7439
BBI25084;1;Yushi Hongkong;Fcl;10/12/2025;30/01/2026;11650;56737,0;1424,32;169361,52;227522,84;19,53;0,16;51,0;9,0;45,0;5056,06;0,0063;0,7444
BBI25036;24;Yns;Fcl;10/12/2025;30/01/2026;3220;20286,0;505,15;60299,02;81090,17;25,18;0,16;51,0;9,0;17,0;4770,01;0,0062;0,7436
BBI25062;2;Yns;Fcl;10/12/2025;30/01/2026;8940;37548,0;935,0;111609,37;150092,37;16,79;0,16;51,0;9,0;16,0;9380,77;0,0062;0,7436
BBI25076;1;Yns;Fcl;10/12/2025;30/01/2026;2000;4000,0;99,61;11889,78;15989,39;7,99;0,16;51,0;9,0;5,0;3197,88;0,0062;0,7436
BBI25089;1;Yns;Fcl;10/12/2025;30/01/2026;7136;18482,24;460,24;54895,17;73837,64;10,35;0,16;51,0;9,0;13,0;5679,82;0,0062;0,7435
BBI25068;1;At Express;Fcl;13/12/2025;28/01/2026;813;12601,5;1850,0;26969,08;41420,58;50,95;0,21;46,0;10,0;46,0;900,45;0,0447;0,6511
BBI25068;2;At Express;Fcl;13/12/2025;28/01/2026;1405;16719,5;1850,0;35777,92;54347,42;38,68;0,21;46,0;10,0;45,0;1207,72;0,034;0,6583
BBI25068;3;At Express;Fcl;13/12/2025;03/02/2026;1330;15827,0;1850,0;41159,64;58836,64;44,24;0,21;52,0;16,0;42,0;1400,87;0,0314;0,6996
BBI25068;4;At Express;Fcl;13/12/2025;02/02/2026;813;12601,5;1850,0;32783,38;47234,88;58,1;0,21;51,0;15,0;46,0;1026,85;0,0392;0,6941
GOC25097;1;Dongguan Alljoyful;Fcl;23/12/2025;06/02/2026;188200;61366,0;1703,21;104535,47;167604,68;0,89;0,0;45,0;14,0;47,0;3566,06;0,0102;0,6237
GOC25108;1;Dongguan Alljoyful;Fcl;23/12/2025;06/02/2026;41800;13936,0;386,79;23807,96;38130,75;0,91;0,0;45,0;14,0;0,0;;0,0101;0,6244
BBI25073;5;Everich;Fcl;20/12/2025;05/02/2026;9990;48591,0;847,65;99309,2;148747,85;14,89;0,13;47,0;13,0;35,0;4249,94;0,0057;0,6676
BBI25015;28;Everich;Fcl;20/12/2025;05/02/2026;5532;21631,2;377,35;44210,21;66218,76;11,97;0,13;47,0;13,0;15,0;4414,58;0,0057;0,6676
BBI25014;8;Parisun;Fcl;18/12/2025;06/02/2026;10620;51788,4;1641,57;147309,41;200739,38;18,9;0,03;50,0;9,0;48,0;4182,07;0,0082;0,7338
BBI25044;3;Parisun;Fcl;18/12/2025;06/02/2026;500;1370,0;43,43;3896,3;5309,73;10,62;0,03;50,0;9,0;1,0;5309,73;0,0082;0,7338
BBI25016;34;Lanrun;Fcl;20/12/2025;05/02/2026;39200;92556,4;1225,0;180894,62;274676,02;7,01;0,13;47,0;13,0;0,0;;0,0045;0,6586
BBI25016;35;Lanrun;Fcl;20/12/2025;04/02/2026;30960;79398,0;1225,0;143897,53;224520,53;7,25;0,13;46,0;12,0;46,0;4880,88;0,0055;0,6409
BBI25016;36;Lanrun;Fcl;20/12/2025;04/02/2026;23640;80376,0;1225,0;145669,24;227270,24;9,61;0,13;46,0;12,0;55,0;4132,19;0,0054;0,641
BBI25075;1;Lanrun;Fcl;02/12/2025;14/01/2026;11040;40075,2;686,29;67732,89;108494,38;9,83;0,32;43,0;11,0;23,0;4717,15;0,0063;0,6243
BBI25016;37;Lanrun;Fcl;20/12/2025;04/02/2026;16280;36701,6;442,53;66515,28;103659,41;6,37;0,13;46,0;12,0;0,0;;0,0043;0,6417
BBI25077;2;Yushi Hongkong;Fcl;18/12/2025;26/01/2026;2224;19460,0;374,8;58546,26;78381,06;35,24;0,21;39,0;11,0;9,0;8709,01;0,0048;0,7469
BBI25084;2;Yushi Hongkong;Fcl;18/12/2025;26/01/2026;16500;69300,0;1325,2;208492,09;279117,29;16,92;0,21;39,0;11,0;28,0;9968,47;0,0047;0,747
BBI25084;3;Yushi Hongkong;Fcl;18/12/2025;26/01/2026;11000;56210,0;1700,0;169124,12;227034,12;20,64;0,21;39,0;11,0;55,0;4127,89;0,0075;0,7449
GOC25107;1;Ningbo Toprank;Lcl;31/12/2025;05/03/2026;4000;5800,0;4,18;17656,15;23460,33;5,87;-0,16;64,0;21,0;0,0;;0,0002;0,7526
BBI25015;29;Everich;Fcl;25/12/2025;25/02/2026;9896;26323,6;442,84;50308,42;77074,86;7,79;0,05;62,0;13,0;0,0;;0,0057;0,6527
BBI25066;4;Everich;Fcl;25/12/2025;25/02/2026;945;4762,8;80,12;9101,09;13944,01;14,76;0,05;62,0;13,0;3,0;4648,0;0,0057;0,6527
BBI25073;6;Everich;Fcl;25/12/2025;25/02/2026;8820;43218,0;727,04;82590,44;126535,48;14,35;0,05;62,0;13,0;32,0;3954,23;0,0057;0,6527
BBI25063;1;Yiwu Runhui;Fcl;02/01/2026;13/02/2026;18600;29876,0;1300,0;97508,8;128684,8;6,92;-0,19;42,0;7,0;0,0;;0,0101;0,7577
GOC25092;1;Yiwu Runhui;Fcl;02/01/2026;19/02/2026;33960;32262,0;1300,0;108527,84;142089,84;4,18;-0,19;48,0;13,0;0,0;;0,0091;0,7638
BBI25075;2;Lanrun;Fcl;20/12/2025;04/02/2026;240;871,2;10,51;1578,91;2460,62;10,25;0,13;46,0;12,0;2,0;1230,31;0,0043;0,6417
BBI25085;1;Lanrun;Fcl;20/12/2025;04/02/2026;20520;64022,4;771,96;116022,7;180817,06;8,81;0,13;46,0;12,0;31,0;5832,81;0,0043;0,6417
BBI25077;3;Yushi Hongkong;Fcl;08/01/2026;26/02/2026;1808;15820,0;224,7;44788,32;60833,02;33,65;0,06;49,0;20,0;8,0;7604,13;0,0037;0,7363
BBI25084;4;Yushi Hongkong;Fcl;08/01/2026;26/02/2026;17790;75034,8;1075,3;212436,68;288546,78;16,22;0,06;49,0;20,0;31,0;9307,96;0,0037;0,7362
BBI25084;5;Yushi Hongkong;Fcl;08/01/2026;26/02/2026;10140;63175,4;1300,0;178861,1;243336,5;24,0;0,06;49,0;20,0;49,0;4966,05;0,0053;0,735
BBI25073;7;Everich;Fcl;25/12/2025;25/02/2026;20673;106695,6;1073,66;196250,67;304019,93;14,71;0,05;62,0;13,0;53,0;5736,23;0,0035;0,6455
GOC25086;1;Wenzhou Yuanfei;Fcl;10/01/2026;03/03/2026;21200;47853,3;1030,0;85392,1;134275,4;6,33;-0,16;52,0;18,0;32,0;4196,11;0,0077;0,6359
BBI25099;1;Dongguan Soonleader;Aéreo;12/01/2026;27/01/2026;54000;41790,0;9701,31;95721,59;147212,9;2,73;0,16;15,0;11,0;0,0;;0,0659;0,6502
BBI25073;8;Everich;Fcl;31/12/2025;27/02/2026;8895;42433,5;706,48;85528,61;128668,59;14,47;0,05;58,0;15,0;29,0;4436,85;0,0055;0,6647
BBI25091;1;Everich;Fcl;31/12/2025;27/02/2026;11300;6554,0;109,11;13210,3;19873,41;1,76;0,05;58,0;15,0;5,0;3974,68;0,0055;0,6647
BBI25066;5;Everich;Fcl;31/12/2025;27/02/2026;7015;26092,2;434,41;52593,61;79120,22;11,28;0,05;58,0;15,0;0,0;;0,0055;0,6647
BBI25014;9;Parisun;Fcl;04/01/2026;24/02/2026;15024;93024,72;2264,7;339941,33;435230,75;28,97;0,11;51,0;16,0;99,0;4396,27;0,0052;0,7811
BBI25044;4;Parisun;Fcl;04/01/2026;24/02/2026;1200;5160,0;95,3;18856,25;24111,55;20,09;0,11;51,0;16,0;4,0;6027,89;0,004;0,782
BBI25036;25;Yns;Fcl;10/01/2026;04/03/2026;800;5040,0;81,38;14361,47;19482,85;24,35;0,08;53,0;14,0;4,0;4870,71;0,0042;0,7371
BBI25062;3;Yns;Fcl;10/01/2026;04/03/2026;5670;23814,0;384,54;67864,62;92063,16;16,24;0,08;53,0;14,0;11,0;8369,38;0,0042;0,7372
BBI25089;2;Yns;Fcl;10/01/2026;04/03/2026;18184;51652,56;834,08;147135,31;199621,95;10,98;0,08;53,0;14,0;38,0;5253,21;0,0042;0,7371
BBI25084;6;Yushi Hongkong;Fcl;08/01/2026;23/02/2026;17800;86177,6;1300,0;243674,87;331152,47;18,6;0,06;46,0;17,0;36,0;9198,68;0,0039;0,7358
BBI25084;7;Yushi Hongkong;Fcl;08/01/2026;23/02/2026;7160;36587,6;679,79;103453,83;140721,22;19,65;0,06;46,0;17,0;36,0;3908,92;0,0048;0,7352
BBI25090;1;Yushi Hongkong;Fcl;08/01/2026;23/02/2026;2000;7200,0;133,79;20358,47;27692,26;13,85;0,06;46,0;17,0;0,0;;0,0048;0,7352
BBI25077;4;Yushi Hongkong;Fcl;08/01/2026;23/02/2026;2992;26180,0;486,42;74024,32;100690,74;33,65;0,06;46,0;17,0;12,0;8390,9;0,0048;0,7352
BBI25015;30;Everich;Fcl;25/12/2025;25/02/2026;744;2120,4;21,34;3900,69;6042,43;8,12;0,05;62,0;13,0;1,0;6042,43;0,0035;0,6455
BBI25073;9;Everich;Fcl;12/01/2026;07/03/2026;13191;71902,2;762,52;134365,49;207030,21;15,69;0,05;54,0;16,0;30,0;6901,01;0,0037;0,649
BBI25091;2;Everich;Fcl;12/01/2026;07/03/2026;3912;16821,6;178,39;31431,6;48431,59;12,38;0,05;54,0;16,0;7,0;6918,8;0,0037;0,649
BBI25085;2;Lanrun;Fcl;21/01/2026;15/03/2026;32560;101587,2;1250,0;177693,43;280530,63;8,62;-0,02;53,0;15,0;51,0;5500,6;0,0045;0,6334
BBI25085;3;Lanrun;Fcl;21/01/2026;15/03/2026;25720;84166,4;1203,77;147227,72;232597,89;9,04;-0,02;53,0;15,0;48,0;4845,79;0,0052;0,633
BBI25085;4;Lanrun;Fcl;21/01/2026;15/03/2026;23640;80376,0;1250,0;140596,95;222222,95;9,4;-0,02;53,0;15,0;51,0;4357,31;0,0056;0,6327
BBI25085;5;Lanrun;Fcl;21/01/2026;15/03/2026;28920;92896,0;1250,0;162504,33;256650,33;8,87;-0,02;53,0;15,0;51,0;5032,36;0,0049;0,6332
BBI25082;1;Newcom;Aéreo;14/01/2026;27/01/2026;3;14400,0;696,65;23138,96;38235,61;12745,2;0,0;13,0;11,0;0,0;;0,0182;0,6052
BBI25084;8;Yushi Hongkong;Fcl;10/01/2026;04/03/2026;16270;80638,6;1500,0;231349,11;313487,71;19,27;0,08;53,0;14,0;51,0;6146,82;0,0048;0,738
BBI25090;2;Yushi Hongkong;Fcl;22/01/2026;09/03/2026;5960;21456,0;621,93;65539,69;87617,62;14,7;0,05;46,0;15,0;0,0;;0,0071;0,748
BBI25093;1;Yushi Hongkong;Fcl;22/01/2026;09/03/2026;6425;24242,5;778,07;74076,85;99097,42;15,42;0,05;46,0;15,0;0,0;;0,0079;0,7475
BBI25036;26;Yns;Fcl;22/01/2026;09/03/2026;640;4032,0;145,45;12734,05;16911,5;26,42;0,05;46,0;15,0;4,0;4227,87;0,0086;0,753
BBI25062;4;Yns;Fcl;22/01/2026;09/03/2026;8220;34524,0;1245,45;109028,85;144798,3;17,62;0,05;46,0;15,0;16,0;9049,89;0,0086;0,753
BBI25065;3;Yns;Fcl;22/01/2026;09/03/2026;40;252,0;9,1;796,08;1057,18;26,43;0,05;46,0;15,0;1,0;1057,18;0,0086;0,753
GOC25097;2;Dongguan Alljoyful;Fcl;22/01/2026;20/03/2026;276000;77280,0;2090,0;128427,78;207797,78;0,75;0,09;57,0;15,0;58,0;3582,72;0,0101;0,618
BBI25084;9;Yushi Hongkong;Fcl;10/01/2026;06/03/2026;20130;92395,4;1500,0;261976,87;355872,27;17,68;0,08;55,0;16,0;51,0;6977,89;0,0042;0,7362
BBI25084;10;Yushi Hongkong;Fcl;10/01/2026;06/03/2026;22435;79657,85;1500,0;225761,07;306918,92;13,68;0,08;55,0;16,0;55,0;5580,34;0,0049;0,7356
BBI25085;6;Lanrun;Fcl;21/01/2026;15/03/2026;32520;101462,4;1250,0;177475,09;280187,49;8,62;-0,02;53,0;15,0;49,0;5718,11;0,0045;0,6334
BBI25015;31;Everich;Fcl;12/01/2026;07/03/2026;2328;6634,8;70,36;12396,48;19101,64;8,21;0,05;54,0;16,0;3,0;6367,21;0,0037;0,649
BBI25066;6;Everich;Fcl;12/01/2026;07/03/2026;4437;21775,92;230,93;40692,37;62699,22;14,13;0,05;54,0;16,0;0,0;;0,0037;0,649
BBI25011;5;Everich;Fcl;12/01/2026;07/03/2026;1817;735,3;7,8;1371,8;2114,9;1,16;0,05;54,0;16,0;0,0;;0,0037;0,6486
GOC25107;2;Ningbo Toprank;Lcl;24/01/2026;20/03/2026;9350;5142,5;4,18;16352,51;21499,19;2,3;0,07;55,0;15,0;7,0;3071,31;0,0002;0,7606
BBI25016;38;Lanrun;Fcl;21/01/2026;15/03/2026;9240;3234,0;46,23;5633,61;8913,84;0,96;-0,02;53,0;15,0;10,0;891,38;0,0052;0,632
BBI25085;7;Lanrun;Fcl;18/01/2026;14/03/2026;26920;87932,8;1250,0;158078,25;247261,05;9,19;-0,03;55,0;15,0;50,0;4945,22;0,0051;0,6393
BBI25085;8;Lanrun;Fcl;18/01/2026;14/03/2026;23640;80376,0;1250,0;144486,05;226112,05;9,56;-0,03;55,0;15,0;51,0;4433,57;0,0055;0,639
BBI25015;32;Everich;Fcl;24/01/2026;20/03/2026;120;342,0;4,62;639,23;985,85;8,22;0,1;55,0;15,0;3,0;328,62;0,0047;0,6484
BBI25091;3;Everich;Fcl;24/01/2026;20/03/2026;21336;71008,8;959,46;132731,39;204699,65;9,59;0,1;55,0;15,0;36,0;5686,1;0,0047;0,6484
BBI25073;10;Everich;Fcl;24/01/2026;20/03/2026;4365;21136,5;285,59;39507,4;60929,49;13,96;0,1;55,0;15,0;21,0;2901,4;0,0047;0,6484
BBI25091;4;Everich;Fcl;05/02/2026;29/03/2026;2880;14112,0;259,55;28987,84;43359,39;15,06;0,0;52,0;15,0;10,0;4335,94;0,006;0,6685
BBI25073;11;Everich;Fcl;05/02/2026;29/03/2026;11250;53851,5;990,45;110617,82;165459,77;14,71;0,0;52,0;15,0;40,0;4136,49;0,006;0,6685
GOC25109;1;Yushi Hongkong;Aéreo;31/01/2026;24/02/2026;2700;540,0;1854,72;18943,7;21338,42;7,9;0,03;24,0;23,0;0,0;;0,0869;0,8878
GOC24132;16;Everich;Fcl;24/01/2026;20/03/2026;8;24,0;0,33;41,35;65,68;8,21;0,1;55,0;15,0;1,0;65,68;0,005;0,6296
BBI25090;3;Yushi Hongkong;Fcl;22/01/2026;09/03/2026;5680;20448,0;300,71;57962,14;78710,85;13,86;0,05;46,0;15,0;0,0;;0,0038;0,7364
BBI25093;2;Yushi Hongkong;Fcl;22/01/2026;09/03/2026;12920;57682,0;848,28;163501,77;222032,05;17,19;0,05;46,0;15,0;0,0;;0,0038;0,7364
BBI25084;11;Yushi Hongkong;Fcl;22/01/2026;09/03/2026;5200;23868,0;351,01;67653,03;91872,04;17,67;0,05;46,0;15,0;13,0;7067,08;0,0038;0,7364
BBI25084;12;Yushi Hongkong;Fcl;22/01/2026;09/03/2026;17200;81600,0;1500,0;231330,49;314430,49;18,28;0,05;46,0;15,0;55,0;5716,92;0,0048;0,7357
BBI25085;9;Lanrun;Fcl;05/02/2026;29/03/2026;37880;77654,0;1250,0;159511,18;238415,18;6,29;0,0;52,0;15,0;42,0;5676,55;0,0052;0,669
GOC25121;1;Ycymo Technology;Aéreo;06/02/2026;05/03/2026;20000;30700,0;6000,98;96420,19;133121,17;6,66;-0,01;27,0;22,0;11,0;12101,92;0,0451;0,7243
BBI25084;13;Yushi Hongkong;Fcl;22/01/2026;09/03/2026;10810;59437,0;1084,76;168516,69;229038,45;21,19;0,05;46,0;15,0;47,0;4873,16;0,0047;0,7358
BBI25090;4;Yushi Hongkong;Fcl;22/01/2026;09/03/2026;4360;15696,0;283,42;44503,69;60483,11;13,87;0,05;46,0;15,0;0,0;;0,0047;0,7358
BBI25093;3;Yushi Hongkong;Fcl;22/01/2026;09/03/2026;2960;11816,0;213,35;33496,22;45525,57;15,38;0,05;46,0;15,0;0,0;;0,0047;0,7358
BBI25084;14;Yushi Hongkong;Fcl;22/01/2026;09/03/2026;10920;55560,0;1003,23;157479,6;214042,83;19,6;0,05;46,0;15,0;43,0;4977,74;0,0047;0,7357
GOC25127;1;Shenzhen Ilinois;Aéreo;21/01/2026;28/01/2026;8;12600,0;440,0;22557,36;35597,36;4449,67;0,01;7,0;5,0;0,0;;0,0124;0,6337
BBI25104;1;At Express;Fcl;25/01/2026;12/03/2026;1394;13243,0;1245,0;26660,11;41148,11;29,52;0,01;46,0;17,0;41,0;1003,61;0,0303;0,6479
BBI25104;2;At Express;Fcl;25/01/2026;12/03/2026;1394;13243,0;1245,0;26775,14;41263,14;29,6;0,01;46,0;17,0;41,0;1006,42;0,0302;0,6489
BBI25104;3;At Express;Fcl;25/01/2026;12/03/2026;1394;13243,0;1245,0;26660,11;41148,11;29,52;0,01;46,0;17,0;41,0;1003,61;0,0303;0,6479
BBI25104;4;At Express;Fcl;25/01/2026;12/03/2026;1394;13243,0;1245,0;26660,11;41148,11;29,52;0,01;46,0;17,0;41,0;1003,61;0,0303;0,6479
BBI25104;5;At Express;Fcl;25/01/2026;12/03/2026;1394;13243,0;1245,0;26660,11;41148,11;29,52;0,01;46,0;17,0;41,0;1003,61;0,0303;0,6479
BBI25104;6;At Express;Fcl;25/01/2026;12/03/2026;1394;13243,0;1245,0;26775,14;41263,14;29,6;0,01;46,0;17,0;41,0;1006,42;0,0302;0,6489
BBI25104;7;At Express;Fcl;25/01/2026;12/03/2026;1394;13243,0;1245,0;26775,14;41263,14;29,6;0,01;46,0;17,0;41,0;1006,42;0,0302;0,6489
BBI25104;8;At Express;Fcl;25/01/2026;12/03/2026;1394;13243,0;1245,0;26775,14;41263,14;29,6;0,01;46,0;17,0;41,0;1006,42;0,0302;0,6489
BBI25104;9;At Express;Fcl;25/01/2026;12/03/2026;1394;13243,0;1245,0;26775,14;41263,14;29,6;0,01;46,0;17,0;41,0;1006,42;0,0302;0,6489
BBI25104;10;At Express;Fcl;25/01/2026;12/03/2026;1394;13243,0;1245,0;26775,14;41263,14;29,6;0,01;46,0;17,0;41,0;1006,42;0,0302;0,6489
BBI25104;11;At Express;Fcl;25/01/2026;12/03/2026;1394;13243,0;1245,0;26775,14;41263,14;29,6;0,01;46,0;17,0;41,0;1006,42;0,0302;0,6489
BBI25104;12;At Express;Fcl;25/01/2026;12/03/2026;1394;13243,0;1245,0;26775,14;41263,14;29,6;0,01;46,0;17,0;41,0;1006,42;0,0302;0,6489
BBI25104;13;At Express;Fcl;30/01/2026;17/03/2026;1394;13243,0;1245,0;25561,11;40049,11;28,73;-0,02;46,0;16,0;41,0;976,81;0,0311;0,6382
BBI25104;14;At Express;Fcl;30/01/2026;17/03/2026;1394;13243,0;1245,0;25561,11;40049,11;28,73;-0,02;46,0;16,0;41,0;976,81;0,0311;0,6382
BBI25104;15;At Express;Fcl;30/01/2026;17/03/2026;1394;13243,0;1245,0;26464,56;40952,56;29,38;-0,02;46,0;16,0;41,0;998,84;0,0304;0,6462
BBI25104;16;At Express;Fcl;30/01/2026;17/03/2026;1394;13243,0;1245,0;25561,11;40049,11;28,73;-0,02;46,0;16,0;41,0;976,81;0,0311;0,6382
BBI25104;17;At Express;Fcl;30/01/2026;17/03/2026;1394;13243,0;1245,0;26464,56;40952,56;29,38;-0,02;46,0;16,0;41,0;998,84;0,0304;0,6462
BBI25104;18;At Express;Fcl;30/01/2026;17/03/2026;1394;13243,0;1245,0;26464,56;40952,56;29,38;-0,02;46,0;16,0;41,0;998,84;0,0304;0,6462
BBI25104;19;At Express;Fcl;30/01/2026;17/03/2026;1394;13243,0;1245,0;26464,56;40952,56;29,38;-0,02;46,0;16,0;41,0;998,84;0,0304;0,6462
BBI25104;20;At Express;Fcl;30/01/2026;17/03/2026;1394;13243,0;1245,0;25561,11;40049,11;28,73;-0,02;46,0;16,0;41,0;976,81;0,0311;0,6382
BBI25104;21;At Express;Fcl;30/01/2026;17/03/2026;1394;13243,0;1245,0;25561,11;40049,11;28,73;-0,02;46,0;16,0;41,0;976,81;0,0311;0,6382
BBI25085;10;Lanrun;Fcl;12/02/2026;10/04/2026;33160;78940,0;1250,0;162152,79;242342,79;7,31;0,0;57,0;15,0;46,0;5268,32;0,0052;0,6691
BBI25073;12;Everich;Fcl;05/02/2026;24/04/2026;7905;41563,5;589,31;85376,71;127529,52;16,13;0,0;78,0;15,0;24,0;5313,73;0,0046;0,6695
BBI25101;1;Everich;Fcl;05/02/2026;24/04/2026;14852;46494,08;659,22;95504,75;142658,05;9,61;0,0;78,0;15,0;26,0;5486,85;0,0046;0,6695
BBI25085;11;Lanrun;Fcl;12/02/2026;10/04/2026;1280;2624,0;41,58;5390,03;8055,61;6,29;0,0;57,0;15,0;2,0;4027,8;0,0052;0,6691
BBI25094;1;Lanrun;Fcl;12/02/2026;10/04/2026;37200;76260,0;1208,42;156647,73;234116,15;6,29;0,0;57,0;15,0;41,0;5710,15;0,0052;0,6691
BBI25093;4;Yushi Hongkong;Fcl;12/02/2026;06/04/2026;3715;23731,5;483,52;85771,39;109986,41;29,61;0,0;53,0;15,0;0,0;;0,0044;0,7798
BBI25114;1;Yushi Hongkong;Fcl;12/02/2026;06/04/2026;6200;49890,0;1016,48;180314,55;231221,03;37,29;0,0;53,0;15,0;0,0;;0,0044;0,7798
BBI25084;16;Yushi Hongkong;Fcl;02/03/2026;18/04/2026;5000;22950,0;415,18;82946,86;106312,04;21,26;0,0;47,0;15,0;12,0;8859,34;0,0039;0,7802
BBI25103;2;Yushi Hongkong;Fcl;02/03/2026;18/04/2026;12272;59964,7;1084,82;216726,95;277776,47;22,63;0,0;47,0;15,0;42,0;6613,73;0,0039;0,7802
BBI25014;10;Parisun;Fcl;01/02/2026;31/03/2026;5208;39657,36;1196,55;143331,31;184185,22;35,37;0,0;58,0;15,0;46,0;4004,03;0,0065;0,7782
BBI25044;5;Parisun;Fcl;01/02/2026;31/03/2026;500;1606,0;48,45;5804,47;7458,92;14,92;0,0;58,0;15,0;2,0;3729,46;0,0065;0,7782
GOC25106;1;Yiwu Runhui;Fcl;21/02/2026;10/04/2026;178200;195655,0;3000,0;541875,08;740530,08;4,16;-0,0;48,0;15,0;353,0;2097,82;0,0041;0,7317
BBI25101;2;Everich;Fcl;06/03/2026;27/04/2026;13605;62583,0;996,13;128553,43;192132,56;14,12;0,0;52,0;15,0;42,0;4574,58;0,0052;0,6691
GOC25129;1;Newcom;Aéreo;03/02/2026;13/02/2026;7250;5780,0;2098,5;33131,21;41009,71;5,66;0,03;10,0;8,0;0,0;;0,0512;0,8079
BBI25073;13;Everich;Fcl;06/03/2026;27/04/2026;1515;7423,5;118,16;15248,81;22790,47;15,04;0,0;52,0;15,0;6,0;3798,41;0,0052;0,6691
BBI25101;3;Everich;Fcl;06/03/2026;27/04/2026;15960;58561,2;640,11;120292,15;179493,46;11,25;0,0;52,0;15,0;26,0;6903,59;0,0036;0,6702
BBI25124;3;Everich;Fcl;;;0;0,0;0,0;0,0;0,0;;0,0;;15,0;0,0;;;
BBI25094;2;Lanrun;Fcl;12/02/2026;10/04/2026;33800;95997,2;1250,0;197190,45;294437,65;8,71;0,0;57,0;15,0;49,0;6008,93;0,0042;0,6697
BBI25085;12;Lanrun;Fcl;06/03/2026;27/04/2026;40;136,0;4,32;279,36;419,68;10,49;0,0;52,0;15,0;1,0;419,68;0,0103;0,6657
BBI25073;14;Everich;Fcl;06/03/2026;27/04/2026;2424;13862,4;151,53;28475,13;42489,06;17,53;0,0;52,0;15,0;5,0;8497,81;0,0036;0,6702
BBI25101;4;Everich;Fcl;06/03/2026;26/04/2026;90;414,0;0,0;850,41;1264,41;14,05;0,0;51,0;15,0;1,0;1264,41;0,0;0,6726
BBI25113;2;Everich;Fcl;06/03/2026;27/04/2026;19179;74581,8;0,0;153200,49;227782,29;11,88;0,0;52,0;15,0;0,0;;0,0;0,6726
GOC25086;2;Wenzhou Yuanfei;Fcl;06/03/2026;27/04/2026;18150;37935,65;1080,0;105064,44;144080,09;7,94;-0,0;52,0;15,0;32,0;4502,5;0,0075;0,7292
BBI25090;5;Yushi Hongkong;Fcl;22/01/2026;09/03/2026;6320;22752,0;415,24;64478,5;87645,74;13,87;0,05;46,0;15,0;0,0;;0,0047;0,7357
BBI25091;5;Everich;Fcl;05/02/2026;24/04/2026;24;103,2;1,47;211,99;316,66;13,19;0,0;78,0;15,0;1,0;316,66;0,0046;0,6695
BBI25124;1;Everich;Fcl;06/03/2026;26/04/2026;19032;70009,2;0,0;143807,79;213816,99;11,23;0,0;51,0;15,0;0,0;;0,0;0,6726
BBI25113;1;Everich;Fcl;06/03/2026;26/04/2026;13104;41932,8;458,36;86135,3;128526,46;9,81;0,0;51,0;15,0;0,0;;0,0036;0,6702
BBI25084;15;Yushi Hongkong;Fcl;12/02/2026;06/04/2026;15115;73222,25;1324,39;264642,95;339189,59;22,44;0,0;53,0;15,0;47,0;7216,8;0,0039;0,7802
BBI25103;1;Yushi Hongkong;Fcl;12/02/2026;06/04/2026;1900;9709,0;175,61;35090,68;44975,29;23,67;0,0;53,0;15,0;10,0;4497,53;0,0039;0,7802
BBI25093;5;Yushi Hongkong;Fcl;02/03/2026;18/04/2026;2886;17604,6;345,85;63627,29;81577,74;28,27;0,0;47,0;15,0;0,0;;0,0042;0,78
BBI25114;2;Yushi Hongkong;Fcl;02/03/2026;18/04/2026;5419;44041,05;865,22;159175,02;204081,29;37,66;0,0;47,0;15,0;0,0;;0,0042;0,78
BBI25103;3;Yushi Hongkong;Fcl;02/03/2026;18/04/2026;2878;14706,58;288,93;53153,14;68148,65;23,68;0,0;47,0;15,0;15,0;4543,24;0,0042;0,78
BBI25094;3;Lanrun;Fcl;06/03/2026;27/04/2026;22892;78136,4;2481,19;160502,09;241119,68;10,53;0,0;52,0;15,0;50,0;4822,39;0,0103;0,6657
BBI25123;1;Lanrun;Fcl;06/03/2026;27/04/2026;160;456,0;14,49;936,68;1407,17;8,79;0,0;52,0;15,0;1,0;1407,17;0,0103;0,6656
BBI25115;1;Lanrun;Fcl;06/03/2026;27/04/2026;18880;53808,0;1359,72;110528,47;165696,18;8,78;0,0;52,0;15,0;0,0;;0,0082;0,6671
BBI25123;2;Lanrun;Fcl;06/03/2026;27/04/2026;13880;39558,0;999,62;81257,16;121814,78;8,78;0,0;52,0;15,0;0,0;;0,0082;0,6671
BBI25094;4;Lanrun;Fcl;06/03/2026;27/04/2026;1360;3876,0;97,94;7961,8;11935,74;8,78;0,0;52,0;15,0;2,0;5967,87;0,0082;0,6671
BBI25016;39;Lanrun;Fcl;06/03/2026;27/04/2026;4830;1690,5;42,72;3472,5;5205,72;1,08;0,0;52,0;15,0;5,0;1041,14;0,0082;0,6671
BBI25091;6;Everich;Fcl;06/03/2026;27/04/2026;1740;8526,0;135,71;17513,49;26175,2;15,04;0,0;52,0;15,0;6,0;4362,53;0,0052;0,6691
BBI25125;1;Everich;Fcl;06/03/2026;26/04/2026;1955;8993,0;0,0;18472,76;27465,76;14,05;0,0;51,0;15,0;0,0;;0,0;0,6726
BBI25124;2;Everich;Fcl;06/03/2026;26/04/2026;8640;29376,0;0,0;60342,04;89718,04;10,38;0,0;51,0;15,0;0,0;;0,0;0,6726
BBI25113;3;Everich;Fcl;06/03/2026;27/04/2026;10512;33638,4;0,0;69097,55;102735,95;9,77;0,0;52,0;15,0;0,0;;0,0;0,6726
GOC25139;1;Shenzhen Ilinois;Aéreo;;;33;51412,0;580,0;142387,78;194379,78;5890,3;0,0;;10,0;0,0;;0,003;0,7325
